-- Наполнение базы lesson5 тестовыми записями, сгенерировано на сайте http://filldb.info
-- ДЗ - после генерации базы

DROP DATABASE IF EXISTS lesson5;
CREATE DATABASE lesson5;
USE lesson5;

-- MariaDB dump 10.17  Distrib 10.4.15-MariaDB, for Linux (x86_64)
--
-- Host: mysql.hostinger.ro    Database: u574849695_24
-- ------------------------------------------------------
-- Server version	10.4.15-MariaDB-cll-lve

/*!40101 SET @OLD_CHARACTER_SET_CLIENT=@@CHARACTER_SET_CLIENT */;
/*!40101 SET @OLD_CHARACTER_SET_RESULTS=@@CHARACTER_SET_RESULTS */;
/*!40101 SET @OLD_COLLATION_CONNECTION=@@COLLATION_CONNECTION */;
/*!40101 SET NAMES utf8mb4 */;
/*!40103 SET @OLD_TIME_ZONE=@@TIME_ZONE */;
/*!40103 SET TIME_ZONE='+00:00' */;
/*!40014 SET @OLD_UNIQUE_CHECKS=@@UNIQUE_CHECKS, UNIQUE_CHECKS=0 */;
/*!40014 SET @OLD_FOREIGN_KEY_CHECKS=@@FOREIGN_KEY_CHECKS, FOREIGN_KEY_CHECKS=0 */;
/*!40101 SET @OLD_SQL_MODE=@@SQL_MODE, SQL_MODE='NO_AUTO_VALUE_ON_ZERO' */;
/*!40111 SET @OLD_SQL_NOTES=@@SQL_NOTES, SQL_NOTES=0 */;

--
-- Table structure for table `catalogs`
--

DROP TABLE IF EXISTS `catalogs`;
/*!40101 SET @saved_cs_client     = @@character_set_client */;
/*!40101 SET character_set_client = utf8 */;
CREATE TABLE `catalogs` (
  `id` bigint(20) unsigned NOT NULL AUTO_INCREMENT,
  `name` varchar(255) COLLATE utf8mb4_unicode_ci DEFAULT NULL COMMENT 'Название раздела',
  PRIMARY KEY (`id`),
  UNIQUE KEY `unique_name` (`name`(10))
) ENGINE=InnoDB AUTO_INCREMENT=6 DEFAULT CHARSET=utf8mb4 COLLATE=utf8mb4_unicode_ci COMMENT='Разделы интернет-магазина';
/*!40101 SET character_set_client = @saved_cs_client */;

--
-- Dumping data for table `catalogs`
--

LOCK TABLES `catalogs` WRITE;
/*!40000 ALTER TABLE `catalogs` DISABLE KEYS */;
INSERT INTO `catalogs` VALUES (1,'Процессоры'),(2,'Материнские платы'),(3,'Видеокарты'),(4,'Жесткие диски'),(5,'Оперативная память');
/*!40000 ALTER TABLE `catalogs` ENABLE KEYS */;
UNLOCK TABLES;

--
-- Table structure for table `discounts`
--

DROP TABLE IF EXISTS `discounts`;
/*!40101 SET @saved_cs_client     = @@character_set_client */;
/*!40101 SET character_set_client = utf8 */;
CREATE TABLE `discounts` (
  `id` bigint(20) unsigned NOT NULL AUTO_INCREMENT,
  `user_id` int(10) unsigned DEFAULT NULL,
  `product_id` int(10) unsigned DEFAULT NULL,
  `discount` float unsigned DEFAULT NULL COMMENT 'Величина скидки от 0.0 до 1.0',
  `started_at` datetime DEFAULT NULL,
  `finished_at` datetime DEFAULT NULL,
  `created_at` datetime DEFAULT current_timestamp(),
  `updated_at` datetime DEFAULT current_timestamp() ON UPDATE current_timestamp(),
  PRIMARY KEY (`id`),
  KEY `index_of_user_id` (`user_id`),
  KEY `index_of_product_id` (`product_id`)
) ENGINE=InnoDB AUTO_INCREMENT=101 DEFAULT CHARSET=utf8mb4 COLLATE=utf8mb4_unicode_ci COMMENT='Скидки';
/*!40101 SET character_set_client = @saved_cs_client */;

--
-- Dumping data for table `discounts`
--

LOCK TABLES `discounts` WRITE;
/*!40000 ALTER TABLE `discounts` DISABLE KEYS */;
INSERT INTO `discounts` VALUES (1,1,1,606791,'1983-12-13 21:57:31','2016-01-04 15:20:51','1984-08-23 08:56:41','2007-05-18 05:10:01'),(2,2,2,3906820,'2016-12-09 03:58:51','1979-04-14 07:41:00','1986-01-04 03:00:00','1977-08-03 05:29:34'),(3,3,3,9547670,'2020-02-29 02:03:23','1979-07-11 10:17:59','2017-11-29 10:23:24','1971-12-04 03:25:08'),(4,4,4,81761500,'1987-08-26 02:42:01','2001-09-27 22:44:58','2006-11-30 12:37:01','1990-05-02 16:02:11'),(5,5,5,4796090,'2000-01-19 09:53:22','1993-11-01 05:07:34','1988-04-11 02:10:50','1993-02-09 16:35:47'),(6,6,6,354321000,'2016-10-15 08:13:24','2014-01-30 16:40:33','2016-02-09 22:11:30','2014-02-09 12:10:44'),(7,1,7,298114,'1977-08-31 15:52:55','1970-03-08 12:17:52','1988-05-06 09:50:13','1996-12-20 06:45:45'),(8,2,1,0,'1970-04-09 02:40:37','2008-11-24 09:03:44','1977-12-18 06:29:42','2007-11-17 14:26:53'),(9,3,2,730107000,'1996-09-07 16:48:26','1993-05-04 11:41:07','1992-09-30 10:10:56','1976-08-01 08:47:52'),(10,4,3,484802000,'1988-10-09 02:51:06','2002-03-09 04:53:50','2015-07-20 17:56:05','1977-08-15 18:24:23'),(11,5,4,6878,'1978-10-21 16:07:01','1981-12-10 11:36:58','1975-03-24 00:20:14','2008-11-17 20:08:02'),(12,6,5,750,'2019-06-04 09:58:50','1976-12-13 12:54:36','2006-08-23 22:27:53','2020-05-14 11:23:43'),(13,1,6,434263000,'1991-10-13 09:09:02','2014-09-29 12:56:33','2001-09-24 00:49:02','2002-12-18 13:34:47'),(14,2,7,549348000,'2003-05-18 14:41:44','2011-04-10 00:03:22','1999-08-13 00:45:09','2004-09-08 19:45:11'),(15,3,1,59343600,'2013-02-01 02:40:38','2018-04-04 11:25:24','2003-06-03 07:39:38','2005-11-03 16:57:01'),(16,4,2,0,'2014-10-02 21:52:31','1986-12-22 00:55:21','1979-07-30 05:47:14','2017-02-07 06:08:42'),(17,5,3,2,'1972-10-23 15:18:20','1982-01-23 09:44:12','2011-07-02 12:55:36','2008-12-16 14:17:08'),(18,6,4,5769,'1992-12-20 19:34:06','1989-07-27 17:24:36','1980-05-09 08:02:39','2016-08-28 04:42:48'),(19,1,5,81443300,'2003-06-28 19:36:28','2005-12-16 14:12:59','1995-11-03 01:22:41','2009-04-26 08:02:06'),(20,2,6,4425,'2010-12-06 08:28:53','1978-06-11 18:58:05','1992-12-21 07:23:46','1997-06-21 15:44:26'),(21,3,7,413212,'1972-08-22 18:24:21','2005-10-09 11:00:10','1976-03-20 04:55:32','2003-08-04 15:31:17'),(22,4,1,314591,'1981-08-24 08:42:59','1990-09-18 13:36:41','2007-05-26 14:29:12','1991-04-16 05:19:54'),(23,5,2,3043010,'1972-10-20 17:55:43','1970-08-02 00:17:44','1996-04-30 16:45:47','1971-11-22 05:07:24'),(24,6,3,62553,'2006-08-07 13:46:48','2006-06-16 09:15:59','1981-09-01 06:02:17','1983-12-05 08:13:19'),(25,1,4,35194,'2010-06-04 18:05:04','1980-07-08 16:40:33','1974-12-16 12:37:08','2009-02-01 05:24:39'),(26,2,5,1,'1989-12-26 19:39:16','1984-10-29 12:24:16','1996-12-19 01:26:35','1983-05-14 06:20:50'),(27,3,6,1570,'1991-11-03 02:24:28','2015-11-26 18:01:40','2016-11-01 17:13:10','2010-02-28 08:02:40'),(28,4,7,8755,'2000-10-23 15:05:37','1979-10-03 11:45:18','1988-08-29 15:26:26','1988-11-25 19:51:23'),(29,5,1,77041,'2009-09-19 00:24:01','1997-08-15 14:04:34','1971-12-18 19:48:34','2015-10-10 15:00:21'),(30,6,2,0,'1981-12-12 20:08:45','1995-10-23 12:18:27','1993-05-16 01:28:30','2006-04-23 22:20:36'),(31,1,3,9756,'1982-02-17 16:17:19','2019-11-26 09:14:04','2008-05-03 22:41:35','1980-06-16 19:41:08'),(32,2,4,0,'2006-04-17 22:28:19','1985-01-27 12:42:56','2007-02-26 01:30:18','1990-12-29 14:19:19'),(33,3,5,879,'1972-06-01 05:17:43','2017-06-08 10:34:08','1995-06-10 17:11:21','2007-10-25 01:37:56'),(34,4,6,56344,'1990-06-18 10:33:12','1977-12-20 14:19:45','2005-08-29 17:11:27','2017-10-13 21:35:32'),(35,5,7,0,'1989-03-02 12:20:11','2014-10-20 09:02:38','1976-05-21 01:18:06','1995-11-27 06:46:53'),(36,6,1,0,'2009-09-04 08:12:06','2003-07-20 05:45:24','2007-03-06 04:02:35','2008-04-05 05:46:35'),(37,1,2,0,'2002-07-10 03:48:24','2000-04-25 04:48:06','2007-10-03 13:39:31','2020-04-13 04:43:49'),(38,2,3,856,'2017-05-17 19:16:44','2000-01-31 06:09:47','2001-05-29 19:49:22','1972-08-08 18:28:34'),(39,3,4,11244900,'1971-11-23 08:57:39','1983-11-22 02:43:13','2014-03-17 17:31:57','1978-07-31 18:10:31'),(40,4,5,2,'1979-10-21 17:48:47','1977-07-11 05:01:46','1983-06-05 22:48:14','1971-12-20 18:04:15'),(41,5,6,24287,'1974-12-07 16:39:42','1997-04-01 16:24:04','2019-10-30 11:45:29','1995-01-04 05:54:30'),(42,6,7,308628000,'1976-10-22 12:12:15','2015-07-23 02:53:44','1990-08-19 14:34:28','2001-07-29 08:59:36'),(43,1,1,41701500,'1997-12-17 04:09:04','1982-08-29 18:36:34','1980-04-30 00:27:03','1976-10-13 04:59:21'),(44,2,2,4752,'1985-08-21 11:57:50','2004-07-29 01:49:37','2009-04-18 05:28:54','2020-06-02 18:37:19'),(45,3,3,0,'2014-09-23 02:27:06','1992-01-10 23:12:29','2021-01-04 11:47:53','1976-11-13 15:09:14'),(46,4,4,519,'2017-05-02 16:05:05','1992-05-16 07:57:51','1978-05-22 16:06:55','1975-01-14 03:12:15'),(47,5,5,79041400,'1995-01-20 17:43:17','2002-12-27 00:58:08','1999-07-31 18:32:50','1992-01-28 09:15:54'),(48,6,6,344011,'1975-10-22 02:02:22','2002-12-01 05:59:45','1986-07-11 23:45:52','1978-11-21 16:45:46'),(49,1,7,136,'2020-02-13 13:31:10','1993-05-26 12:48:09','1970-06-27 07:00:47','1970-09-17 09:25:56'),(50,2,1,664330,'2013-06-20 19:51:19','1978-05-06 05:21:46','1988-03-15 13:05:11','2018-09-23 06:12:21'),(51,3,2,54363,'1989-07-15 00:48:32','1996-07-22 18:02:24','2008-05-19 21:52:45','2001-08-29 09:24:38'),(52,4,3,7,'1995-09-23 16:51:01','1976-07-25 06:11:22','1970-07-09 06:31:17','2010-05-31 07:36:09'),(53,5,4,569953,'1982-03-13 03:14:02','2009-02-17 15:01:31','1979-05-12 11:44:49','2004-06-26 02:02:22'),(54,6,5,74599700,'2001-09-26 07:10:28','1974-05-12 16:12:32','1975-09-19 03:40:47','1976-09-09 02:03:33'),(55,1,6,1342,'1978-09-15 00:50:34','1982-07-09 23:30:39','1997-03-24 09:48:23','1991-08-19 22:42:09'),(56,2,7,7,'1987-06-28 04:09:03','2018-02-03 00:42:28','2016-10-21 20:46:29','1980-12-20 19:22:40'),(57,3,1,0,'2003-11-09 22:05:48','1988-06-08 21:58:21','1983-08-18 05:42:13','2019-11-25 18:09:09'),(58,4,2,9530,'2010-03-06 20:02:48','2006-03-07 21:51:31','2003-04-26 16:38:07','1973-06-15 00:14:10'),(59,5,3,0,'1993-09-17 16:15:28','2006-10-31 19:07:06','1981-02-08 10:32:37','2000-02-14 05:59:05'),(60,6,4,348568,'1973-08-13 17:19:13','1985-05-09 02:36:55','1992-11-17 12:25:52','2013-04-25 00:44:34'),(61,1,5,2319,'1999-09-26 09:23:11','2003-04-08 16:54:10','2001-01-22 01:14:19','2016-05-23 16:28:04'),(62,2,6,3,'1979-09-10 21:45:27','2013-01-08 04:29:15','1989-03-12 17:34:22','1997-10-11 12:17:46'),(63,3,7,7999,'1981-03-21 17:20:56','2000-05-16 14:06:57','1977-02-26 21:40:07','2007-01-31 06:34:00'),(64,4,1,384136000,'1995-01-25 16:18:11','1979-06-26 18:54:45','1972-08-21 02:35:39','1991-10-29 00:12:32'),(65,5,2,833584000,'2007-03-21 13:04:15','2005-07-10 18:10:11','1970-07-28 20:54:18','2003-11-22 13:36:15'),(66,6,3,2224,'1972-02-01 11:54:37','2010-02-21 10:47:18','2005-02-18 08:57:16','1977-12-05 01:21:51'),(67,1,4,0,'2010-10-03 14:03:06','1981-07-16 08:16:11','1990-10-16 11:28:01','2001-07-06 18:50:46'),(68,2,5,4,'2009-02-18 15:53:22','1976-08-20 19:13:30','1971-10-09 16:12:45','1991-03-17 02:25:07'),(69,3,6,71883600,'1983-07-03 02:45:15','1971-05-10 21:22:18','1982-03-06 16:19:17','1973-04-24 06:25:25'),(70,4,7,929,'1971-02-23 00:24:52','1988-02-03 16:00:29','1983-03-11 21:45:20','1970-10-31 00:56:15'),(71,5,1,84534,'1995-10-09 02:50:22','1998-06-25 11:39:04','1975-05-10 09:21:44','1982-11-06 13:48:32'),(72,6,2,545,'1980-05-29 06:08:52','2002-11-27 09:10:29','1973-09-11 14:52:38','1987-02-09 14:22:27'),(73,1,3,0,'1986-07-02 16:37:55','1983-06-18 02:06:51','1996-07-28 16:35:25','1989-12-07 01:57:07'),(74,2,4,5299740,'2008-03-08 06:50:49','1986-11-23 01:29:42','2009-03-20 03:32:32','1983-01-02 23:40:19'),(75,3,5,67738100,'1984-11-07 22:10:54','1996-06-11 16:48:26','1976-04-05 02:21:30','1982-10-10 07:27:28'),(76,4,6,282,'2011-04-07 16:11:50','2012-08-31 09:35:00','1978-07-30 07:01:50','2014-05-10 20:37:13'),(77,5,7,15,'2018-06-15 10:08:49','1988-02-14 09:26:52','1997-09-14 17:28:13','2010-05-26 14:36:47'),(78,6,1,88,'1987-02-11 10:13:50','2014-10-02 20:14:54','1993-07-17 02:29:24','1979-05-26 07:37:14'),(79,1,2,743,'1977-02-02 18:29:14','2007-10-20 00:57:59','2017-01-28 01:26:54','2008-08-02 06:08:34'),(80,2,3,0,'1997-01-09 22:09:05','1974-04-25 03:48:25','1992-04-16 19:15:59','2015-09-01 15:04:50'),(81,3,4,942166000,'2010-08-26 14:31:53','2003-04-06 06:59:41','2015-05-12 17:02:27','1979-05-16 02:24:20'),(82,4,5,23367600,'2015-08-12 00:03:58','1993-03-19 01:37:18','2012-04-24 13:40:33','1990-08-13 11:32:45'),(83,5,6,8162560,'2020-06-11 19:11:17','2018-06-27 20:24:34','1987-04-13 09:34:45','2016-02-20 19:53:37'),(84,6,7,42483,'2003-12-29 05:29:13','1998-05-22 09:48:03','2012-05-17 18:12:23','1976-05-07 05:14:23'),(85,1,1,779359,'1979-02-22 08:56:06','2011-09-03 10:57:36','1994-08-13 02:30:22','2018-12-29 17:23:01'),(86,2,2,52,'2008-08-12 04:38:04','2011-12-27 09:16:55','1977-09-10 09:22:54','1974-04-05 23:55:05'),(87,3,3,617,'2003-08-04 07:52:23','1988-07-28 05:28:26','1970-05-29 07:53:21','1982-08-04 04:45:27'),(88,4,4,7594,'1996-12-11 00:09:08','2007-08-11 20:31:01','1990-05-29 23:58:03','1972-07-26 20:16:10'),(89,5,5,12,'1997-11-27 15:05:15','2009-06-11 06:56:52','2020-07-18 12:18:47','1994-07-02 16:46:55'),(90,6,6,711738000,'2018-07-05 19:27:42','1970-11-16 09:13:53','1971-05-12 23:44:40','1976-07-23 19:42:57'),(91,1,7,27406600,'1993-03-30 11:23:04','2005-04-27 10:39:49','1976-05-21 20:03:31','1971-05-27 17:51:48'),(92,2,1,107343000,'2014-10-30 11:02:27','2007-11-08 21:41:33','2013-02-01 17:12:14','2004-05-23 21:12:42'),(93,3,2,4060300,'1982-01-05 19:04:43','1981-11-11 22:00:49','1974-02-23 15:11:25','1974-11-20 01:57:48'),(94,4,3,405,'2017-08-20 19:07:37','1997-07-10 05:55:02','1996-05-06 03:56:44','1978-08-02 03:20:59'),(95,5,4,28,'1973-08-23 19:57:41','1992-05-03 03:58:37','1996-07-11 22:04:27','1988-08-21 16:01:59'),(96,6,5,0,'2008-11-26 11:06:05','1995-07-22 21:20:59','1993-09-18 11:54:39','2002-03-23 05:15:58'),(97,1,6,25430,'1977-08-25 21:40:50','2018-09-18 01:34:00','2019-08-24 19:33:11','1998-09-01 05:18:32'),(98,2,7,2427940,'2012-04-25 22:36:12','2010-01-01 18:09:41','1987-03-03 04:28:28','2007-08-03 04:58:08'),(99,3,1,283,'1978-06-17 05:39:17','1992-10-05 11:16:42','2009-05-11 06:32:35','1985-12-04 17:28:42'),(100,4,2,481,'1984-06-21 20:23:48','1980-03-17 20:30:26','2020-06-13 11:39:29','1998-10-22 16:02:22');
/*!40000 ALTER TABLE `discounts` ENABLE KEYS */;
UNLOCK TABLES;

--
-- Table structure for table `orders`
--

DROP TABLE IF EXISTS `orders`;
/*!40101 SET @saved_cs_client     = @@character_set_client */;
/*!40101 SET character_set_client = utf8 */;
CREATE TABLE `orders` (
  `id` bigint(20) unsigned NOT NULL AUTO_INCREMENT,
  `user_id` int(10) unsigned DEFAULT NULL,
  `created_at` datetime DEFAULT current_timestamp(),
  `updated_at` datetime DEFAULT current_timestamp() ON UPDATE current_timestamp(),
  PRIMARY KEY (`id`),
  KEY `index_of_user_id` (`user_id`)
) ENGINE=InnoDB AUTO_INCREMENT=101 DEFAULT CHARSET=utf8mb4 COLLATE=utf8mb4_unicode_ci COMMENT='Заказы';
/*!40101 SET character_set_client = @saved_cs_client */;

--
-- Dumping data for table `orders`
--

LOCK TABLES `orders` WRITE;
/*!40000 ALTER TABLE `orders` DISABLE KEYS */;
INSERT INTO `orders` VALUES (1,1,'1979-06-20 22:52:20','1970-05-04 12:00:43'),(2,2,'2002-02-05 03:43:43','1979-02-15 04:25:15'),(3,3,'1993-09-24 01:46:07','1975-03-30 02:20:10'),(4,4,'1974-05-21 17:49:26','1990-11-21 04:59:35'),(5,5,'1996-06-12 12:01:35','2011-05-01 19:04:59'),(6,6,'1992-07-14 22:14:34','2015-09-19 05:12:31'),(7,1,'1993-02-12 05:52:29','2001-05-27 14:27:38'),(8,2,'2017-01-16 16:21:40','1971-07-29 22:08:46'),(9,3,'2017-01-12 20:41:28','2013-06-15 06:50:06'),(10,4,'1984-10-04 02:31:10','1990-04-02 14:08:24'),(11,5,'1988-08-23 14:44:59','1978-08-03 15:38:15'),(12,6,'1989-10-23 17:25:03','2017-04-27 07:05:57'),(13,1,'1988-01-28 06:03:07','2018-03-27 22:03:13'),(14,2,'2014-07-31 15:19:59','1995-09-07 20:08:03'),(15,3,'1990-06-03 08:26:00','1989-01-08 21:12:25'),(16,4,'2011-05-16 12:19:54','1983-01-31 06:59:19'),(17,5,'1979-01-17 00:21:32','2006-04-14 22:35:31'),(18,6,'1994-12-13 08:56:26','1980-03-24 11:52:07'),(19,1,'1986-12-15 02:49:10','2003-07-18 17:35:47'),(20,2,'1979-12-08 11:30:25','2005-02-25 09:01:55'),(21,3,'2008-07-11 19:02:58','1970-03-02 12:32:07'),(22,4,'2017-10-14 20:16:56','1986-09-24 09:20:45'),(23,5,'1991-01-30 02:03:42','1986-03-12 21:51:29'),(24,6,'2008-07-24 00:58:24','1984-08-19 22:53:55'),(25,1,'1996-01-21 04:35:27','2005-06-11 08:56:38'),(26,2,'2010-03-15 01:45:14','1999-03-08 20:54:57'),(27,3,'1978-01-07 19:20:19','2005-01-04 00:35:22'),(28,4,'1990-10-21 14:01:12','2020-03-09 18:06:47'),(29,5,'1998-08-24 21:45:40','2012-07-27 17:45:58'),(30,6,'1988-12-30 00:44:36','1982-10-12 23:10:10'),(31,1,'1979-04-20 08:15:39','2018-05-18 13:16:47'),(32,2,'1991-12-30 18:19:04','2018-03-06 10:24:01'),(33,3,'1977-10-17 16:13:26','2007-06-19 11:39:05'),(34,4,'2015-01-03 03:17:13','2008-09-14 01:23:30'),(35,5,'1999-10-10 10:30:17','1978-04-08 03:32:46'),(36,6,'1995-06-16 21:15:11','2012-09-21 20:31:28'),(37,1,'1972-07-03 15:19:07','1981-10-31 04:41:10'),(38,2,'1971-01-28 04:31:28','1995-07-28 18:10:35'),(39,3,'1982-08-14 12:02:08','2005-06-22 05:41:46'),(40,4,'2019-02-11 15:42:45','1988-12-23 06:54:11'),(41,5,'2004-06-06 14:32:38','2004-05-28 17:24:04'),(42,6,'1994-10-07 17:57:28','2018-04-02 11:05:30'),(43,1,'2003-12-03 18:14:35','2010-12-20 20:30:48'),(44,2,'1970-03-01 17:10:14','2012-07-09 05:06:17'),(45,3,'1997-10-01 19:23:12','1986-07-10 09:02:06'),(46,4,'2019-07-10 02:56:00','1983-11-19 19:17:59'),(47,5,'2014-04-16 07:35:18','1979-03-07 22:16:39'),(48,6,'1995-10-15 21:48:07','1994-05-16 03:42:47'),(49,1,'2005-08-26 18:24:50','1998-07-11 18:44:39'),(50,2,'1982-06-20 16:19:11','2006-08-07 00:05:20'),(51,3,'2000-08-31 23:53:36','2019-05-06 09:18:51'),(52,4,'2009-01-12 02:48:53','2011-05-08 12:29:25'),(53,5,'1974-04-02 07:30:53','1981-04-15 14:19:36'),(54,6,'1974-07-03 03:40:25','1997-07-06 13:43:37'),(55,1,'2010-02-27 22:11:15','2014-10-03 01:59:59'),(56,2,'2013-07-13 14:09:40','2017-09-19 13:35:16'),(57,3,'2003-06-01 05:29:40','1976-04-29 17:09:48'),(58,4,'1988-12-01 21:20:58','1996-05-16 02:39:15'),(59,5,'2012-12-28 09:05:03','1996-02-29 21:10:29'),(60,6,'2005-08-25 09:48:23','2019-02-17 08:44:23'),(61,1,'2006-05-13 08:55:26','2021-01-28 13:54:10'),(62,2,'2011-01-12 12:06:41','1977-01-21 13:49:25'),(63,3,'2011-08-22 18:33:34','1973-05-23 15:12:06'),(64,4,'1973-03-20 02:39:30','2002-10-30 04:29:04'),(65,5,'2019-04-02 01:24:50','2012-10-12 01:32:51'),(66,6,'2009-06-02 10:24:00','1975-11-08 15:50:32'),(67,1,'1977-11-05 15:34:08','2002-04-06 04:56:30'),(68,2,'2002-10-11 22:02:49','1998-04-20 05:52:53'),(69,3,'1979-09-17 16:01:39','1983-10-10 02:01:57'),(70,4,'1995-06-18 20:06:53','1983-03-01 08:23:46'),(71,5,'1977-09-05 01:58:10','1978-09-25 13:43:52'),(72,6,'2014-10-18 07:58:43','2005-03-29 20:24:00'),(73,1,'1986-08-01 20:54:48','1982-05-10 18:38:28'),(74,2,'1972-01-09 09:45:35','2009-12-23 18:19:15'),(75,3,'1985-03-03 14:12:29','2016-10-09 19:34:24'),(76,4,'1974-08-14 10:20:31','2008-05-06 16:27:31'),(77,5,'1997-09-24 15:19:51','2006-03-04 14:34:03'),(78,6,'2003-02-12 02:34:45','2015-01-12 15:03:13'),(79,1,'1977-01-26 03:11:16','1979-08-28 07:55:46'),(80,2,'2009-10-29 16:47:19','2009-04-30 18:56:17'),(81,3,'1981-01-10 02:16:19','1973-10-08 00:17:08'),(82,4,'2005-07-13 00:14:53','1978-09-26 13:21:01'),(83,5,'1972-01-06 19:37:42','1984-11-22 22:16:47'),(84,6,'2003-10-10 04:59:41','1986-01-10 08:27:42'),(85,1,'2015-12-11 04:37:21','1987-07-14 15:02:40'),(86,2,'2003-04-21 11:55:25','1973-05-04 01:46:31'),(87,3,'1982-12-19 17:55:56','1986-07-13 01:19:51'),(88,4,'2003-12-16 20:29:21','2009-08-03 23:05:35'),(89,5,'1973-05-25 14:40:34','1997-08-11 07:07:47'),(90,6,'2007-11-04 12:26:20','1999-01-29 21:21:08'),(91,1,'1985-10-01 00:20:52','1990-01-02 15:51:02'),(92,2,'1995-03-13 04:31:44','2015-12-27 17:52:30'),(93,3,'1994-01-26 02:13:00','2014-11-01 13:46:04'),(94,4,'2006-04-19 12:41:02','2003-07-22 00:53:21'),(95,5,'2014-09-25 18:19:45','1985-12-02 06:31:52'),(96,6,'1973-10-07 22:55:45','1985-12-24 14:48:24'),(97,1,'1989-11-11 19:30:06','1976-03-22 20:53:41'),(98,2,'1990-05-16 00:14:55','1970-08-04 08:16:59'),(99,3,'2015-05-28 19:17:10','2020-06-15 15:48:11'),(100,4,'1984-05-31 15:57:58','2020-09-29 15:42:09');
/*!40000 ALTER TABLE `orders` ENABLE KEYS */;
UNLOCK TABLES;

--
-- Table structure for table `orders_products`
--

DROP TABLE IF EXISTS `orders_products`;
/*!40101 SET @saved_cs_client     = @@character_set_client */;
/*!40101 SET character_set_client = utf8 */;
CREATE TABLE `orders_products` (
  `id` bigint(20) unsigned NOT NULL AUTO_INCREMENT,
  `order_id` int(10) unsigned DEFAULT NULL,
  `product_id` int(10) unsigned DEFAULT NULL,
  `total` int(10) unsigned DEFAULT 1 COMMENT 'Количество заказанных товарных позиций',
  `created_at` datetime DEFAULT current_timestamp(),
  `updated_at` datetime DEFAULT current_timestamp() ON UPDATE current_timestamp(),
  PRIMARY KEY (`id`)
) ENGINE=InnoDB AUTO_INCREMENT=101 DEFAULT CHARSET=utf8mb4 COLLATE=utf8mb4_unicode_ci COMMENT='Состав заказа';
/*!40101 SET character_set_client = @saved_cs_client */;

--
-- Dumping data for table `orders_products`
--

LOCK TABLES `orders_products` WRITE;
/*!40000 ALTER TABLE `orders_products` DISABLE KEYS */;
INSERT INTO `orders_products` VALUES (1,1,1,1,'2004-07-10 09:32:23','2017-02-11 21:20:32'),(2,2,2,1,'1978-02-16 19:34:19','1989-01-14 05:13:27'),(3,3,3,1,'1997-01-28 19:44:10','1987-01-05 23:54:29'),(4,4,4,1,'1997-09-09 15:34:16','2009-09-19 05:45:51'),(5,5,5,1,'1986-08-22 12:17:58','2006-11-30 05:02:02'),(6,6,6,1,'1978-10-21 17:16:14','1988-04-24 05:24:22'),(7,7,7,1,'2017-02-25 17:54:15','2019-06-18 20:51:38'),(8,8,1,1,'2009-06-06 19:15:13','2005-05-27 11:09:52'),(9,9,2,1,'1990-05-15 20:20:28','2011-01-20 07:35:27'),(10,10,3,1,'2001-04-14 23:04:46','2020-01-24 10:07:05'),(11,11,4,1,'2017-11-13 12:05:43','1988-03-27 06:14:58'),(12,12,5,1,'1989-05-15 09:03:29','1970-06-21 09:44:10'),(13,13,6,1,'1976-05-29 07:08:42','1981-05-02 21:49:38'),(14,14,7,1,'2006-06-08 05:10:57','1986-05-10 02:57:46'),(15,15,1,1,'1990-12-20 11:36:21','1987-08-29 03:14:45'),(16,16,2,1,'2017-03-29 00:40:54','1988-02-11 05:51:02'),(17,17,3,1,'1975-10-17 02:36:02','2004-12-28 19:29:55'),(18,18,4,1,'2006-05-02 16:49:58','1994-05-23 01:35:57'),(19,19,5,1,'1981-06-14 21:27:05','2003-03-20 04:53:47'),(20,20,6,1,'1979-06-25 14:10:45','2015-02-15 20:14:59'),(21,21,7,1,'1990-01-30 17:29:56','1982-03-13 15:44:31'),(22,22,1,1,'1977-03-29 04:00:30','1981-05-16 20:26:35'),(23,23,2,1,'1987-10-03 22:07:35','1991-09-15 11:38:10'),(24,24,3,1,'2004-12-09 18:22:11','2018-10-13 16:05:42'),(25,25,4,1,'2000-03-22 22:36:32','2000-04-27 20:44:55'),(26,26,5,1,'1975-11-26 08:52:47','1999-02-22 11:43:22'),(27,27,6,1,'1980-11-22 22:14:28','1970-12-09 13:19:07'),(28,28,7,1,'2003-03-07 01:04:40','1982-05-12 10:53:07'),(29,29,1,1,'2000-08-06 22:25:09','1992-03-17 07:51:49'),(30,30,2,1,'1973-01-07 00:51:06','2002-08-13 21:31:18'),(31,31,3,1,'2001-09-05 11:16:43','1984-11-18 10:26:46'),(32,32,4,1,'2012-11-20 16:07:27','1986-09-15 07:36:38'),(33,33,5,1,'1982-12-24 11:05:18','2011-09-24 21:11:02'),(34,34,6,1,'1971-04-08 22:22:10','2010-03-09 02:23:39'),(35,35,7,1,'1984-04-10 09:44:43','2020-10-18 22:25:34'),(36,36,1,1,'1982-05-21 22:44:48','2005-01-24 18:02:57'),(37,37,2,1,'2010-01-27 03:29:53','1997-02-13 17:22:32'),(38,38,3,1,'2003-05-04 02:05:25','1993-09-26 14:54:22'),(39,39,4,1,'2000-01-13 11:48:35','1996-06-29 15:16:42'),(40,40,5,1,'2001-03-24 13:01:24','1981-09-10 08:23:16'),(41,41,6,1,'2013-06-21 07:27:23','1988-12-23 04:26:00'),(42,42,7,1,'1999-05-09 08:44:05','1980-06-16 02:39:30'),(43,43,1,1,'1992-06-27 14:58:29','1988-05-02 13:13:16'),(44,44,2,1,'2010-10-15 15:01:48','1993-08-27 12:56:21'),(45,45,3,1,'1991-08-14 16:45:24','1972-11-19 07:18:38'),(46,46,4,1,'1974-11-27 04:19:24','2007-09-06 17:57:54'),(47,47,5,1,'1976-04-28 15:09:15','1975-09-11 14:46:13'),(48,48,6,1,'2002-11-16 21:58:29','2003-01-04 19:22:29'),(49,49,7,1,'1975-08-27 00:59:19','1991-01-07 18:28:03'),(50,50,1,1,'1979-07-03 05:24:16','2020-08-10 01:01:54'),(51,51,2,1,'1981-09-27 19:39:16','2003-11-14 09:48:35'),(52,52,3,1,'1987-02-02 13:31:08','2019-02-18 19:36:12'),(53,53,4,1,'1997-02-21 16:56:49','2018-05-21 16:53:29'),(54,54,5,1,'2020-07-10 12:52:18','2014-03-23 02:36:01'),(55,55,6,1,'1992-03-20 23:50:58','2013-02-02 16:50:59'),(56,56,7,1,'2012-02-01 09:10:29','1995-07-04 01:52:40'),(57,57,1,1,'1997-05-23 04:41:52','1991-07-22 23:42:43'),(58,58,2,1,'1990-07-17 05:44:53','1979-03-06 16:25:31'),(59,59,3,1,'1974-05-31 02:24:31','1998-04-19 00:02:57'),(60,60,4,1,'2015-10-12 23:35:52','2011-12-23 03:04:16'),(61,61,5,1,'2002-08-08 12:28:12','1974-03-07 05:50:00'),(62,62,6,1,'1997-06-19 20:27:40','2016-04-26 19:45:18'),(63,63,7,1,'2002-07-10 17:05:13','2009-10-26 00:20:49'),(64,64,1,1,'2001-01-10 09:36:29','1988-05-09 22:25:38'),(65,65,2,1,'2008-07-06 10:53:31','2003-06-06 21:14:22'),(66,66,3,1,'2007-02-16 01:54:36','1994-04-14 12:17:38'),(67,67,4,1,'1997-05-10 20:31:13','1994-12-04 02:37:15'),(68,68,5,1,'1993-06-09 05:03:39','2016-05-30 16:35:20'),(69,69,6,1,'2014-05-20 16:33:59','2016-09-30 23:25:10'),(70,70,7,1,'1978-06-16 13:54:33','1995-09-03 23:36:07'),(71,71,1,1,'1990-05-13 19:44:06','2011-11-06 15:34:41'),(72,72,2,1,'2016-09-11 20:35:03','1989-04-07 16:18:11'),(73,73,3,1,'2010-12-18 10:22:59','2011-11-17 03:54:26'),(74,74,4,1,'1986-05-03 10:25:32','2012-08-26 12:15:55'),(75,75,5,1,'1976-11-23 13:37:52','1974-01-16 03:27:11'),(76,76,6,1,'1972-07-05 05:40:02','2013-04-14 18:14:26'),(77,77,7,1,'2017-03-21 11:41:59','2010-11-02 03:46:20'),(78,78,1,1,'2009-10-12 00:55:51','1989-10-02 06:48:34'),(79,79,2,1,'1982-07-13 05:59:22','1983-03-24 17:43:05'),(80,80,3,1,'1982-05-15 09:02:38','2001-08-18 06:00:18'),(81,81,4,1,'1987-01-19 18:36:30','2017-11-22 05:47:21'),(82,82,5,1,'2020-05-10 01:50:41','1982-08-25 11:37:50'),(83,83,6,1,'1979-11-05 11:14:32','2009-04-13 07:45:40'),(84,84,7,1,'1991-08-08 05:12:00','1970-12-25 06:13:01'),(85,85,1,1,'1974-09-29 09:18:01','1980-09-18 16:38:09'),(86,86,2,1,'2013-07-28 12:23:48','2017-12-06 17:42:46'),(87,87,3,1,'2006-12-01 08:03:46','1989-11-18 08:58:23'),(88,88,4,1,'1970-03-13 16:51:59','1979-08-07 08:24:59'),(89,89,5,1,'1986-08-18 14:21:07','2018-06-17 14:17:20'),(90,90,6,1,'1983-07-01 14:14:48','1979-10-24 21:37:41'),(91,91,7,1,'1994-11-15 12:33:58','2020-07-03 13:34:20'),(92,92,1,1,'1999-07-30 20:10:42','1982-05-02 03:22:07'),(93,93,2,1,'1993-04-01 01:33:55','1983-03-10 19:13:21'),(94,94,3,1,'1993-06-03 17:12:23','1990-04-17 09:45:32'),(95,95,4,1,'2012-05-01 19:53:54','2007-10-26 08:35:43'),(96,96,5,1,'1995-04-25 17:56:01','1981-06-27 16:47:07'),(97,97,6,1,'2007-05-09 06:37:02','1996-02-28 23:15:45'),(98,98,7,1,'2007-10-30 10:53:07','1986-08-26 19:24:52'),(99,99,1,1,'2014-08-27 16:30:09','1977-04-17 01:42:52'),(100,100,2,1,'2017-11-01 01:38:33','1979-04-15 06:01:10');
/*!40000 ALTER TABLE `orders_products` ENABLE KEYS */;
UNLOCK TABLES;

--
-- Table structure for table `products`
--

DROP TABLE IF EXISTS `products`;
/*!40101 SET @saved_cs_client     = @@character_set_client */;
/*!40101 SET character_set_client = utf8 */;
CREATE TABLE `products` (
  `id` bigint(20) unsigned NOT NULL AUTO_INCREMENT,
  `name` varchar(255) COLLATE utf8mb4_unicode_ci DEFAULT NULL COMMENT 'Название',
  `desription` text COLLATE utf8mb4_unicode_ci DEFAULT NULL COMMENT 'Описание',
  `price` decimal(11,2) DEFAULT NULL COMMENT 'Цена',
  `catalog_id` int(10) unsigned DEFAULT NULL,
  `created_at` datetime DEFAULT current_timestamp(),
  `updated_at` datetime DEFAULT current_timestamp() ON UPDATE current_timestamp(),
  PRIMARY KEY (`id`),
  KEY `index_of_catalog_id` (`catalog_id`)
) ENGINE=InnoDB AUTO_INCREMENT=8 DEFAULT CHARSET=utf8mb4 COLLATE=utf8mb4_unicode_ci COMMENT='Товарные позиции';
/*!40101 SET character_set_client = @saved_cs_client */;

--
-- Dumping data for table `products`
--

LOCK TABLES `products` WRITE;
/*!40000 ALTER TABLE `products` DISABLE KEYS */;
INSERT INTO `products` VALUES (1,'Intel Core i3-8100','Процессор для настольных персональных компьютеров, основанных на платформе Intel.',7890.00,1,'2021-02-05 07:06:56','2021-02-05 07:06:56'),(2,'Intel Core i5-7400','Процессор для настольных персональных компьютеров, основанных на платформе Intel.',12700.00,1,'2021-02-05 07:06:56','2021-02-05 07:06:56'),(3,'AMD FX-8320E','Процессор для настольных персональных компьютеров, основанных на платформе AMD.',4780.00,1,'2021-02-05 07:06:56','2021-02-05 07:06:56'),(4,'AMD FX-8320','Процессор для настольных персональных компьютеров, основанных на платформе AMD.',7120.00,1,'2021-02-05 07:06:56','2021-02-05 07:06:56'),(5,'ASUS ROG MAXIMUS X HERO','Материнская плата ASUS ROG MAXIMUS X HERO, Z370, Socket 1151-V2, DDR4, ATX',19310.00,2,'2021-02-05 07:06:56','2021-02-05 07:06:56'),(6,'Gigabyte H310M S2H','Материнская плата Gigabyte H310M S2H, H310, Socket 1151-V2, DDR4, mATX',4790.00,2,'2021-02-05 07:06:56','2021-02-05 07:06:56'),(7,'MSI B250M GAMING PRO','Материнская плата MSI B250M GAMING PRO, B250, Socket 1151, DDR4, mATX',5060.00,2,'2021-02-05 07:06:56','2021-02-05 07:06:56');
/*!40000 ALTER TABLE `products` ENABLE KEYS */;
UNLOCK TABLES;

--
-- Table structure for table `storehouses`
--

DROP TABLE IF EXISTS `storehouses`;
/*!40101 SET @saved_cs_client     = @@character_set_client */;
/*!40101 SET character_set_client = utf8 */;
CREATE TABLE `storehouses` (
  `id` bigint(20) unsigned NOT NULL AUTO_INCREMENT,
  `name` varchar(255) COLLATE utf8mb4_unicode_ci DEFAULT NULL COMMENT 'Название',
  `created_at` datetime DEFAULT current_timestamp(),
  `updated_at` datetime DEFAULT current_timestamp() ON UPDATE current_timestamp(),
  PRIMARY KEY (`id`)
) ENGINE=InnoDB AUTO_INCREMENT=101 DEFAULT CHARSET=utf8mb4 COLLATE=utf8mb4_unicode_ci COMMENT='Склады';
/*!40101 SET character_set_client = @saved_cs_client */;

--
-- Dumping data for table `storehouses`
--

LOCK TABLES `storehouses` WRITE;
/*!40000 ALTER TABLE `storehouses` DISABLE KEYS */;
INSERT INTO `storehouses` VALUES (1,'qui','2007-12-24 20:54:10','1976-09-02 15:47:41'),(2,'omnis','1996-12-24 13:11:54','2005-10-06 11:30:30'),(3,'non','1980-10-04 08:16:37','2000-02-26 19:38:31'),(4,'voluptates','1995-01-17 19:54:01','1998-05-02 01:17:35'),(5,'et','1981-03-28 00:44:46','1977-01-12 15:37:10'),(6,'quia','2009-01-25 19:53:29','1973-06-24 19:37:17'),(7,'non','2010-04-16 17:59:48','1978-09-07 03:05:56'),(8,'velit','1972-08-03 04:01:31','1971-08-25 12:57:31'),(9,'veritatis','2015-12-06 09:37:45','1997-03-19 21:10:23'),(10,'et','2005-03-02 22:32:44','1998-05-04 07:55:10'),(11,'minus','1983-12-11 08:49:53','1982-04-14 20:47:15'),(12,'ad','1971-01-15 18:30:09','2000-10-15 02:52:55'),(13,'doloribus','1992-06-03 06:40:58','2015-01-08 03:39:13'),(14,'corporis','1992-08-01 23:09:41','1995-02-09 15:38:26'),(15,'ea','1998-09-04 20:50:01','2010-08-23 20:37:23'),(16,'non','1997-12-08 03:28:36','1980-07-30 01:24:30'),(17,'quaerat','2015-11-15 08:09:20','2012-12-09 13:15:08'),(18,'assumenda','1991-07-14 01:06:08','1995-01-08 10:14:53'),(19,'perferendis','1981-09-05 08:43:19','1999-09-09 22:08:31'),(20,'illum','2016-05-04 01:35:32','1979-11-20 08:09:59'),(21,'cumque','2020-09-09 10:19:55','1971-12-03 03:36:58'),(22,'sit','1981-06-02 09:23:58','2016-04-06 03:06:46'),(23,'nisi','1973-10-08 11:43:34','2017-10-19 11:14:00'),(24,'quod','2020-06-23 06:13:32','1972-07-29 12:38:41'),(25,'ea','1982-02-25 10:20:23','1990-01-16 19:58:41'),(26,'autem','1978-01-17 18:14:52','1993-09-24 18:19:00'),(27,'nobis','1989-12-10 15:54:10','1971-10-04 11:45:53'),(28,'est','1970-08-13 14:39:18','1978-10-09 11:37:26'),(29,'voluptatum','1985-08-23 22:59:11','2005-08-21 15:13:54'),(30,'mollitia','1992-07-23 02:08:33','1991-12-17 02:07:05'),(31,'impedit','1979-01-05 01:33:30','1972-08-01 05:07:44'),(32,'quas','1994-02-25 18:39:43','2005-11-30 11:11:43'),(33,'doloribus','1975-03-21 13:43:31','1976-10-18 12:48:33'),(34,'sunt','2017-06-29 20:34:15','1986-03-24 18:32:37'),(35,'aspernatur','1973-06-02 09:18:00','2011-10-21 10:48:57'),(36,'laudantium','2016-12-10 14:43:39','2014-12-16 19:12:08'),(37,'exercitationem','2008-01-01 02:08:07','1970-02-09 15:37:18'),(38,'ut','2018-10-24 09:45:08','2002-04-21 19:41:54'),(39,'dolores','1997-02-22 09:26:08','2018-10-05 03:36:19'),(40,'aperiam','2012-08-10 01:44:28','2007-09-30 04:22:29'),(41,'inventore','1978-03-21 21:38:13','1999-05-04 12:25:59'),(42,'autem','1986-06-27 09:55:45','2004-01-27 02:23:52'),(43,'omnis','2000-12-28 19:24:50','2012-07-10 06:09:14'),(44,'ea','2004-02-28 06:32:39','1988-05-16 18:41:08'),(45,'et','1998-02-15 20:04:29','2002-12-13 17:23:25'),(46,'sapiente','1995-09-30 14:32:25','1993-04-04 17:00:56'),(47,'et','1989-02-12 13:17:59','1986-12-18 17:22:43'),(48,'minus','2013-09-12 16:27:14','2008-10-19 01:46:47'),(49,'veniam','2002-03-15 22:33:20','1980-10-29 11:29:09'),(50,'veritatis','1986-08-14 11:50:32','1977-11-23 06:35:37'),(51,'quo','1998-07-03 06:12:21','2004-07-11 00:43:14'),(52,'corrupti','1990-12-29 05:41:34','1996-03-01 16:45:56'),(53,'iusto','1997-10-01 05:14:55','2008-05-08 19:45:00'),(54,'fuga','1987-06-25 00:46:38','2004-10-07 16:33:39'),(55,'dolore','1982-08-21 20:45:26','1993-08-10 06:31:01'),(56,'iste','1976-04-22 20:15:29','1983-06-15 07:20:11'),(57,'omnis','1986-11-30 12:17:34','1980-04-01 10:50:18'),(58,'enim','1982-11-05 22:30:10','1981-02-18 03:18:32'),(59,'vel','2011-11-13 12:17:08','1980-09-12 00:35:56'),(60,'nisi','1977-05-29 06:46:28','1984-02-09 07:16:50'),(61,'et','2003-10-10 16:23:15','1993-08-18 21:15:55'),(62,'ipsa','2012-03-11 09:29:26','2011-10-11 17:11:48'),(63,'a','2006-01-28 06:58:44','1995-02-25 08:46:06'),(64,'quia','2014-05-10 10:00:31','1985-10-25 02:51:29'),(65,'eaque','2008-12-18 18:21:58','2008-09-02 20:23:17'),(66,'sint','1988-03-27 21:45:35','1985-01-29 07:00:15'),(67,'dolorem','2017-05-29 18:04:24','1980-09-18 00:22:48'),(68,'vel','2018-01-25 22:07:46','2015-03-26 23:11:16'),(69,'vel','2020-10-16 19:56:19','2017-11-11 16:53:31'),(70,'rem','1985-12-21 12:51:00','2005-05-27 00:09:29'),(71,'quia','2017-09-03 21:40:43','1978-01-25 06:53:43'),(72,'in','2008-05-21 07:21:39','1979-06-07 16:59:29'),(73,'perspiciatis','2001-06-25 18:26:17','2017-05-21 14:21:54'),(74,'culpa','1994-03-05 10:41:51','2000-02-18 17:46:47'),(75,'iusto','2013-11-04 13:40:37','2001-03-01 10:50:33'),(76,'est','2013-08-07 03:08:15','1998-12-26 19:29:00'),(77,'et','1982-02-19 17:04:24','1998-07-06 15:39:31'),(78,'dolorem','2020-10-08 17:11:33','1990-04-01 11:38:06'),(79,'modi','2002-06-30 06:38:28','2017-02-21 15:02:57'),(80,'qui','2000-05-23 01:18:28','1982-01-25 19:21:36'),(81,'necessitatibus','1992-12-28 19:54:12','1978-01-08 17:01:23'),(82,'sed','2001-02-28 14:37:57','1982-09-04 21:39:13'),(83,'ut','1977-10-18 12:58:01','1978-05-25 03:46:17'),(84,'consectetur','2017-02-17 13:21:35','1997-04-15 14:52:45'),(85,'laboriosam','2001-06-08 06:16:35','1999-03-20 00:28:19'),(86,'corrupti','2019-06-28 14:32:37','2007-09-27 09:27:56'),(87,'facere','2010-09-08 22:18:00','1973-05-15 08:23:29'),(88,'similique','2004-11-09 10:38:35','2020-04-04 03:23:35'),(89,'quis','2010-12-03 05:35:56','2001-01-17 14:41:06'),(90,'veniam','1975-08-08 12:46:48','1999-07-19 22:21:59'),(91,'eum','1996-06-19 02:13:43','2012-05-22 18:28:05'),(92,'sit','2003-08-04 08:59:07','2005-07-11 08:58:55'),(93,'est','2005-11-09 22:55:19','2018-03-19 13:29:07'),(94,'nisi','1992-12-04 21:26:08','1981-07-29 10:30:29'),(95,'explicabo','2006-09-06 18:33:37','2002-12-19 01:20:17'),(96,'aut','1988-05-31 20:30:37','2020-02-06 22:02:49'),(97,'porro','1989-07-05 08:50:08','1974-12-19 08:31:39'),(98,'quisquam','1984-09-05 09:02:54','2010-06-15 21:26:52'),(99,'nihil','2004-02-18 21:01:11','1983-10-10 08:09:24'),(100,'quo','1973-10-25 02:22:28','1976-04-03 04:48:17');
/*!40000 ALTER TABLE `storehouses` ENABLE KEYS */;
UNLOCK TABLES;

--
-- Table structure for table `storehouses_products`
--

DROP TABLE IF EXISTS `storehouses_products`;
/*!40101 SET @saved_cs_client     = @@character_set_client */;
/*!40101 SET character_set_client = utf8 */;
CREATE TABLE `storehouses_products` (
  `id` bigint(20) unsigned NOT NULL AUTO_INCREMENT,
  `storehouse_id` int(10) unsigned DEFAULT NULL,
  `product_id` int(10) unsigned DEFAULT NULL,
  `value` int(10) unsigned DEFAULT NULL COMMENT 'Запас товарной позиции на складе',
  `created_at` datetime DEFAULT current_timestamp(),
  `updated_at` datetime DEFAULT current_timestamp() ON UPDATE current_timestamp(),
  PRIMARY KEY (`id`)
) ENGINE=InnoDB AUTO_INCREMENT=101 DEFAULT CHARSET=utf8mb4 COLLATE=utf8mb4_unicode_ci COMMENT='Запасы на складе';
/*!40101 SET character_set_client = @saved_cs_client */;

--
-- Dumping data for table `storehouses_products`
--

LOCK TABLES `storehouses_products` WRITE;
/*!40000 ALTER TABLE `storehouses_products` DISABLE KEYS */;
INSERT INTO `storehouses_products` VALUES (1,1,1,1440,'1978-04-14 02:45:12','1993-06-02 21:12:17'),(2,2,2,620,'1980-12-31 22:13:02','2019-02-03 16:51:42'),(3,3,3,1524,'2013-09-18 05:35:45','1980-11-29 10:58:30'),(4,4,4,284,'1984-04-05 03:47:01','1979-08-21 06:38:37'),(5,5,5,1243,'2016-01-15 13:51:43','1977-01-29 15:27:53'),(6,6,6,1148,'1982-11-01 02:12:26','1999-09-14 21:45:08'),(7,7,7,1954,'1989-12-12 17:54:19','1996-02-05 01:56:18'),(8,8,1,1666,'1977-03-23 14:42:26','1977-06-17 10:16:33'),(9,9,2,64,'1987-11-30 06:19:49','2015-06-01 08:10:22'),(10,10,3,1938,'2018-06-27 16:05:55','2019-10-06 14:41:03'),(11,11,4,1389,'2005-10-16 18:26:26','2000-02-09 11:34:11'),(12,12,5,643,'2020-07-10 04:59:46','2004-08-05 08:40:12'),(13,13,6,1215,'1974-07-11 12:12:39','1990-08-12 19:45:46'),(14,14,7,96,'1975-09-28 04:08:22','1981-01-09 13:00:11'),(15,15,1,747,'1979-12-21 23:52:00','1998-08-08 15:43:57'),(16,16,2,2163,'2011-09-17 16:34:30','2014-01-11 19:17:17'),(17,17,3,1907,'1984-11-04 06:35:28','1978-09-01 08:50:58'),(18,18,4,655,'1998-08-21 18:09:03','1982-05-13 03:42:22'),(19,19,5,420,'1989-07-03 12:55:14','2014-01-01 17:05:38'),(20,20,6,1860,'1975-08-09 01:20:20','2013-07-27 22:56:52'),(21,21,7,1076,'2006-05-29 02:27:25','1982-11-04 20:42:15'),(22,22,1,1555,'1970-11-29 05:53:13','2021-01-28 12:11:32'),(23,23,2,10,'1979-08-11 01:24:52','2005-08-28 14:56:45'),(24,24,3,2394,'1985-09-18 00:02:34','1971-02-19 04:17:10'),(25,25,4,1244,'2021-02-02 13:16:50','2020-04-22 19:44:32'),(26,26,5,2262,'1978-02-12 02:25:14','2005-01-20 11:49:39'),(27,27,6,2045,'1985-01-17 01:53:27','2008-07-01 06:33:35'),(28,28,7,1819,'2008-09-18 10:40:02','2004-05-10 08:54:06'),(29,29,1,2456,'1978-11-28 22:18:12','1998-05-26 14:33:07'),(30,30,2,2358,'2016-12-13 12:38:39','2002-03-09 05:18:32'),(31,31,3,1041,'2011-05-27 11:58:38','1987-06-15 00:47:43'),(32,32,4,728,'1998-09-03 11:10:00','1979-01-10 18:51:21'),(33,33,5,985,'2001-01-19 20:30:13','1995-03-23 08:55:58'),(34,34,6,464,'1973-07-04 03:43:41','2018-07-07 22:43:52'),(35,35,7,2463,'2000-06-07 13:38:19','1976-08-29 23:11:45'),(36,36,1,1279,'1996-07-27 18:30:32','1982-04-29 22:00:12'),(37,37,2,1509,'2012-12-02 05:53:55','1975-11-30 16:36:03'),(38,38,3,1098,'2008-07-28 17:00:01','1981-06-28 00:38:52'),(39,39,4,1747,'2001-05-17 10:26:18','1979-04-11 10:02:50'),(40,40,5,1391,'1975-10-23 02:23:14','1998-04-22 09:35:20'),(41,41,6,1178,'1988-11-08 15:52:56','1986-09-22 15:35:23'),(42,42,7,2226,'1970-04-28 07:09:35','2003-12-22 16:16:34'),(43,43,1,2085,'2001-03-11 23:46:39','1987-01-07 05:23:53'),(44,44,2,1767,'2002-11-16 17:37:17','1973-11-09 20:33:44'),(45,45,3,760,'2010-06-30 07:29:47','2016-06-28 09:21:58'),(46,46,4,2480,'1986-04-09 17:44:40','2016-01-07 06:59:02'),(47,47,5,1732,'1975-03-30 01:36:09','2000-02-28 19:22:47'),(48,48,6,1066,'1980-01-23 04:17:17','1990-07-23 02:04:39'),(49,49,7,235,'1988-11-12 03:31:57','2002-01-22 05:09:09'),(50,50,1,773,'1971-04-17 19:20:18','1999-12-29 12:09:22'),(51,51,2,842,'1980-03-17 23:10:17','1979-12-09 15:54:44'),(52,52,3,830,'2005-03-26 05:44:24','1986-06-11 00:13:16'),(53,53,4,46,'2006-01-04 03:11:25','1980-01-30 17:14:29'),(54,54,5,2402,'1977-09-19 16:57:20','2018-11-18 12:45:04'),(55,55,6,2381,'1989-06-06 22:24:14','1991-07-12 12:13:31'),(56,56,7,453,'1995-07-25 14:30:10','1979-02-16 05:16:49'),(57,57,1,2163,'2016-05-11 01:24:38','2006-09-06 11:27:55'),(58,58,2,1408,'2007-03-22 08:39:20','1975-01-25 08:11:15'),(59,59,3,296,'2012-08-18 04:25:57','2016-09-10 13:05:32'),(60,60,4,4,'1971-10-06 14:10:30','2019-04-20 12:03:11'),(61,61,5,399,'2020-03-26 05:33:57','2000-10-06 16:44:31'),(62,62,6,2307,'1987-09-20 05:34:24','1977-08-03 08:31:45'),(63,63,7,1912,'1990-03-28 15:40:04','2001-03-07 03:44:35'),(64,64,1,26,'2001-08-29 20:50:49','2007-06-16 10:15:29'),(65,65,2,2052,'2015-12-09 07:46:29','1981-06-30 21:14:41'),(66,66,3,1781,'1996-11-09 07:52:17','2014-03-27 00:02:36'),(67,67,4,2272,'1981-05-12 06:20:50','1996-01-07 09:36:59'),(68,68,5,2211,'1993-01-15 23:47:21','1993-03-29 02:10:07'),(69,69,6,107,'1996-08-15 19:57:16','1999-07-15 09:30:14'),(70,70,7,1781,'2019-08-13 06:54:31','2017-08-02 13:31:55'),(71,71,1,1706,'2008-08-17 21:04:12','1979-03-05 02:00:22'),(72,72,2,1323,'1972-01-27 15:05:26','1982-06-20 00:56:31'),(73,73,3,1150,'1999-08-29 06:29:38','2019-06-21 02:06:14'),(74,74,4,1779,'2011-08-14 10:42:33','2012-09-02 03:46:15'),(75,75,5,2447,'2000-02-01 22:42:15','1999-10-09 03:02:07'),(76,76,6,362,'2002-01-21 14:03:06','1988-07-14 05:19:01'),(77,77,7,1452,'1981-09-13 22:09:51','1999-02-16 10:37:46'),(78,78,1,1400,'1999-10-28 16:38:38','2013-11-01 16:56:13'),(79,79,2,2444,'2011-03-28 17:03:24','1970-10-14 18:41:19'),(80,80,3,1653,'1993-05-22 10:28:35','1980-05-27 20:47:42'),(81,81,4,357,'1986-06-02 11:02:28','1992-09-28 02:06:42'),(82,82,5,1988,'1992-04-20 07:21:21','1998-06-11 23:17:44'),(83,83,6,2183,'1988-03-09 07:33:04','1970-09-25 08:08:12'),(84,84,7,1023,'1975-10-02 19:46:23','1976-10-23 08:08:33'),(85,85,1,1050,'2003-05-17 14:31:33','1998-10-28 03:01:44'),(86,86,2,1925,'1991-01-11 03:02:31','2020-10-06 12:53:42'),(87,87,3,445,'1992-04-13 01:48:31','2017-06-06 10:47:47'),(88,88,4,1865,'1983-10-12 07:11:37','2002-11-27 00:39:56'),(89,89,5,1724,'1982-07-20 07:06:30','2004-12-01 08:15:59'),(90,90,6,361,'1989-10-15 07:47:46','1985-05-05 17:51:52'),(91,91,7,238,'2008-05-17 14:13:33','1973-03-24 13:23:42'),(92,92,1,208,'2013-08-07 08:50:58','1976-11-19 22:49:20'),(93,93,2,5,'1987-04-28 04:26:38','2006-07-11 17:18:07'),(94,94,3,2261,'2000-07-26 13:42:25','1983-01-14 00:02:28'),(95,95,4,918,'1999-03-25 03:23:56','1989-03-22 17:12:40'),(96,96,5,1986,'1997-04-30 14:33:52','2002-07-23 06:08:46'),(97,97,6,699,'2012-09-18 06:44:20','1994-11-26 15:23:48'),(98,98,7,2369,'1990-01-26 04:42:22','2018-10-05 20:30:38'),(99,99,1,526,'2010-10-17 18:49:51','1973-03-07 02:30:57'),(100,100,2,209,'1983-07-23 05:05:07','1993-11-15 03:40:29');
/*!40000 ALTER TABLE `storehouses_products` ENABLE KEYS */;
UNLOCK TABLES;
--
-- Table structure for table `users`
--

DROP TABLE IF EXISTS `users`;
/*!40101 SET @saved_cs_client     = @@character_set_client */;
/*!40101 SET character_set_client = utf8 */;
CREATE TABLE `users` (
  `id` bigint(20) unsigned NOT NULL AUTO_INCREMENT,
  `name` varchar(255) COLLATE utf8mb4_unicode_ci DEFAULT NULL COMMENT 'Имя покупателя',
  `birthday_at` date DEFAULT NULL COMMENT 'Дата рождения',
  `created_at` varchar(100) COLLATE utf8mb4_unicode_ci DEFAULT NULL,
  `updated_at` varchar(100) COLLATE utf8mb4_unicode_ci DEFAULT NULL,
  PRIMARY KEY (`id`)
) ENGINE=InnoDB AUTO_INCREMENT=7 DEFAULT CHARSET=utf8mb4 COLLATE=utf8mb4_unicode_ci COMMENT='Покупатели';
/*!40101 SET character_set_client = @saved_cs_client */;

--
-- Dumping data for table `users`
--

LOCK TABLES `users` WRITE;
/*!40000 ALTER TABLE `users` DISABLE KEYS */;
INSERT INTO `users` VALUES (1,'Геннадий','1990-10-05',NULL,NULL),(2,'Наталья','1984-11-12',NULL,NULL),(3,'Александр','1985-05-20',NULL,NULL),(4,'Сергей','1988-02-14',NULL,NULL),(5,'Иван','1998-01-12',NULL,NULL),(6,'Мария','1992-08-29',NULL,NULL);
/*!40000 ALTER TABLE `users` ENABLE KEYS */;
UNLOCK TABLES;
/*!40103 SET TIME_ZONE=@OLD_TIME_ZONE */;

/*!40101 SET SQL_MODE=@OLD_SQL_MODE */;
/*!40014 SET FOREIGN_KEY_CHECKS=@OLD_FOREIGN_KEY_CHECKS */;
/*!40014 SET UNIQUE_CHECKS=@OLD_UNIQUE_CHECKS */;
/*!40101 SET CHARACTER_SET_CLIENT=@OLD_CHARACTER_SET_CLIENT */;
/*!40101 SET CHARACTER_SET_RESULTS=@OLD_CHARACTER_SET_RESULTS */;
/*!40101 SET COLLATION_CONNECTION=@OLD_COLLATION_CONNECTION */;
/*!40111 SET SQL_NOTES=@OLD_SQL_NOTES */;

-- Dump completed on 2021-02-05  7:08:38






-- ДЗ
-- 1.	Пусть в таблице users поля created_at и updated_at оказались незаполненными. Заполните их текущими датой и временем.
UPDATE users
SET 
	created_at= NOW(), updated_at= NOW() 
WHERE created_at OR updated_at IS NULL;

-- 2.	Таблица users была неудачно спроектирована. Записи created_at и updated_at были заданы типом VARCHAR и в них долгое время помещались значения в формате 20.10.2017 8:10. Необходимо преобразовать поля к типу DATETIME, сохранив введённые ранее значения.
ALTER TABLE users CHANGE created_at created_at DATETIME DEFAULT NOW();
ALTER TABLE users CHANGE updated_at updated_at DATETIME DEFAULT NOW() ON UPDATE NOW();

/*
3.	В таблице складских запасов storehouses_products в поле value могут встречаться самые разные цифры: 0, если товар закончился 
и выше нуля, если на складе имеются запасы. Необходимо отсортировать записи таким образом, чтобы они выводились в порядке увеличения 
значения value. Однако нулевые запасы должны выводиться в конце, после всех записей.
*/
-- вначале добавим нулевых значений
UPDATE storehouses_products
SET
	value = 0
WHERE value > 2000;

-- теперь выведем значения таблицы с сортировкой
SELECT storehouse_id, product_id,value
FROM storehouses_products
ORDER BY CASE
	WHEN value=0 THEN 1 ELSE 0
	END,
	value ASC;

-- 4.	(по желанию) Из таблицы users необходимо извлечь пользователей, родившихся в августе и мае.
SELECT name, birthday_at
FROM users
WHERE MONTH(birthday_at) = 5 OR MONTH(birthday_at) = 8;

-- 5.	(по желанию) Из таблицы catalogs извлекаются записи при помощи запроса. SELECT * FROM catalogs WHERE id IN (5, 1, 2);
-- Отсортируйте записи в порядке, заданном в списке IN.
SELECT * 
FROM catalogs
WHERE id IN (5, 1, 2)
ORDER BY CASE id
	WHEN 5 THEN 1
	WHEN 1 THEN 2
	WHEN 2 THEN 3
	ELSE 0
	END,
	id ASC
;

-- 1.	Подсчитайте средний возраст пользователей в таблице users.
SELECT ROUND(AVG(TIMESTAMPDIFF(YEAR, BIRTHDAY_AT, NOW()))) AS average_age
FROM users;

-- 2.	Подсчитайте количество дней рождения, которые приходятся на каждый из дней недели.
-- Следует учесть, что необходимы дни недели текущего года, а не года рождения.

SELECT
	GROUP_CONCAT(name SEPARATOR ', '), 
	COUNT(*) AS total, 
	DAYOFWEEK(MAKEDATE(YEAR(NOW()), DAYOFYEAR(birthday_at))) AS dayofweek 
FROM users 
GROUP BY dayofweek 
ORDER BY dayofweek;

-- 3.	(по желанию) Подсчитайте произведение чисел в столбце таблицы.
-- Воспользуемся следующим свойством логарифмов: логарифм произведения равен сумме логарифмов
-- Если теперь применить обратную к натуральному логарифму (Ln) функцию экспоненты (exp), то получим произведение значений столбца

SELECT
	EXP(SUM(LOG(value))) AS multiply_column
FROM 
(VALUES ROW(1), ROW(2), ROW (3), ROW(4), ROW(5))
	AS X(value);
