-- Заполнить все таблицы БД vk данными (по 10-100 записей в каждой таблице).


DROP DATABASE IF EXISTS vk;
CREATE DATABASE vk;
USE vk;

-- Наполнение базы VK тестовыми записями, сгенерировано на сайте http://filldb.info

-- MariaDB dump 10.17  Distrib 10.4.15-MariaDB, for Linux (x86_64)
--
-- Host: mysql.hostinger.ro    Database: u574849695_22
-- ------------------------------------------------------
-- Server version	10.4.15-MariaDB-cll-lve

/*!40101 SET @OLD_CHARACTER_SET_CLIENT=@@CHARACTER_SET_CLIENT */;
/*!40101 SET @OLD_CHARACTER_SET_RESULTS=@@CHARACTER_SET_RESULTS */;
/*!40101 SET @OLD_COLLATION_CONNECTION=@@COLLATION_CONNECTION */;
/*!40101 SET NAMES utf8mb4 */;
/*!40103 SET @OLD_TIME_ZONE=@@TIME_ZONE */;
/*!40103 SET TIME_ZONE='+00:00' */;
/*!40014 SET @OLD_UNIQUE_CHECKS=@@UNIQUE_CHECKS, UNIQUE_CHECKS=0 */;
/*!40014 SET @OLD_FOREIGN_KEY_CHECKS=@@FOREIGN_KEY_CHECKS, FOREIGN_KEY_CHECKS=0 */;
/*!40101 SET @OLD_SQL_MODE=@@SQL_MODE, SQL_MODE='NO_AUTO_VALUE_ON_ZERO' */;
/*!40111 SET @OLD_SQL_NOTES=@@SQL_NOTES, SQL_NOTES=0 */;

--
-- Table structure for table `communities`
--

DROP TABLE IF EXISTS `communities`;
/*!40101 SET @saved_cs_client     = @@character_set_client */;
/*!40101 SET character_set_client = utf8 */;
CREATE TABLE `communities` (
  `id` bigint(20) unsigned NOT NULL AUTO_INCREMENT,
  `name` varchar(150) COLLATE utf8mb4_unicode_ci DEFAULT NULL,
  `admin_user_id` bigint(20) unsigned DEFAULT NULL,
  PRIMARY KEY (`id`),
  KEY `communities_name_idx` (`name`),
  KEY `admin_user_id` (`admin_user_id`),
  CONSTRAINT `communities_ibfk_1` FOREIGN KEY (`admin_user_id`) REFERENCES `users` (`id`) ON DELETE SET NULL ON UPDATE CASCADE
) ENGINE=InnoDB AUTO_INCREMENT=101 DEFAULT CHARSET=utf8mb4 COLLATE=utf8mb4_unicode_ci;
/*!40101 SET character_set_client = @saved_cs_client */;

--
-- Dumping data for table `communities`
--

LOCK TABLES `communities` WRITE;
/*!40000 ALTER TABLE `communities` DISABLE KEYS */;
INSERT INTO `communities` VALUES (1,'ut',1),(2,'vero',2),(3,'aut',3),(4,'ut',4),(5,'dolor',5),(6,'ullam',6),(7,'libero',7),(8,'sint',8),(9,'tenetur',9),(10,'earum',10),(11,'molestiae',11),(12,'molestiae',12),(13,'nihil',13),(14,'est',14),(15,'qui',15),(16,'et',16),(17,'possimus',17),(18,'doloribus',18),(19,'ut',19),(20,'quis',20),(21,'voluptas',21),(22,'facere',22),(23,'id',23),(24,'consequatur',24),(25,'et',25),(26,'numquam',26),(27,'vero',27),(28,'vitae',28),(29,'doloremque',29),(30,'fuga',30),(31,'rerum',31),(32,'mollitia',32),(33,'iste',33),(34,'repudiandae',34),(35,'qui',35),(36,'non',36),(37,'mollitia',37),(38,'corrupti',38),(39,'dolorem',39),(40,'hic',40),(41,'nemo',41),(42,'vero',42),(43,'dolor',43),(44,'facilis',44),(45,'quis',45),(46,'qui',46),(47,'expedita',47),(48,'harum',48),(49,'quisquam',49),(50,'ut',50),(51,'perspiciatis',51),(52,'repellendus',52),(53,'debitis',53),(54,'ad',54),(55,'eveniet',55),(56,'est',56),(57,'totam',57),(58,'nisi',58),(59,'error',59),(60,'doloribus',60),(61,'vitae',61),(62,'quibusdam',62),(63,'provident',63),(64,'libero',64),(65,'alias',65),(66,'eos',66),(67,'incidunt',67),(68,'magni',68),(69,'excepturi',69),(70,'hic',70),(71,'quis',71),(72,'eum',72),(73,'facere',73),(74,'optio',74),(75,'voluptatum',75),(76,'nesciunt',76),(77,'consequatur',77),(78,'consectetur',78),(79,'beatae',79),(80,'nihil',80),(81,'aut',81),(82,'non',82),(83,'repellat',83),(84,'fuga',84),(85,'cumque',85),(86,'et',86),(87,'quod',87),(88,'architecto',88),(89,'eius',89),(90,'tenetur',90),(91,'iure',91),(92,'aspernatur',92),(93,'ratione',93),(94,'nobis',94),(95,'ducimus',95),(96,'facere',96),(97,'in',97),(98,'fugiat',98),(99,'eum',99),(100,'numquam',100);
/*!40000 ALTER TABLE `communities` ENABLE KEYS */;
UNLOCK TABLES;

--
-- Table structure for table `friend_requests`
--

DROP TABLE IF EXISTS `friend_requests`;
/*!40101 SET @saved_cs_client     = @@character_set_client */;
/*!40101 SET character_set_client = utf8 */;
CREATE TABLE `friend_requests` (
  `initiator_user_id` bigint(20) unsigned NOT NULL,
  `target_user_id` bigint(20) unsigned NOT NULL,
  `status` enum('requested','approved','declined','unfriended') COLLATE utf8mb4_unicode_ci DEFAULT NULL,
  `requested_at` datetime DEFAULT current_timestamp(),
  `updated_at` datetime DEFAULT NULL ON UPDATE current_timestamp(),
  PRIMARY KEY (`initiator_user_id`,`target_user_id`),
  KEY `target_user_id` (`target_user_id`),
  CONSTRAINT `friend_requests_ibfk_1` FOREIGN KEY (`initiator_user_id`) REFERENCES `users` (`id`) ON DELETE CASCADE ON UPDATE CASCADE,
  CONSTRAINT `friend_requests_ibfk_2` FOREIGN KEY (`target_user_id`) REFERENCES `users` (`id`) ON DELETE CASCADE ON UPDATE CASCADE
) ENGINE=InnoDB DEFAULT CHARSET=utf8mb4 COLLATE=utf8mb4_unicode_ci;
/*!40101 SET character_set_client = @saved_cs_client */;

--
-- Dumping data for table `friend_requests`
--

LOCK TABLES `friend_requests` WRITE;
/*!40000 ALTER TABLE `friend_requests` DISABLE KEYS */;
INSERT INTO `friend_requests` VALUES (1,1,'approved','2006-12-27 18:45:02','2020-01-30 23:16:14'),(2,2,'approved','1977-10-08 06:22:38','1981-09-17 15:42:24'),(3,3,'requested','2009-10-28 04:17:06','1989-10-23 00:40:27'),(4,4,'approved','1992-02-06 13:49:19','2001-07-06 07:29:28'),(5,5,'unfriended','1974-04-18 11:55:42','1989-06-17 03:21:29'),(6,6,'declined','1988-10-18 06:36:49','1979-06-09 21:40:05'),(7,7,'declined','2011-05-22 06:06:56','2010-12-01 08:27:50'),(8,8,'declined','2011-03-02 14:44:28','1978-07-24 03:24:51'),(9,9,'unfriended','1974-10-18 04:16:17','2009-08-11 10:06:55'),(10,10,'declined','1981-10-03 21:43:26','1971-04-27 23:30:44'),(11,11,'unfriended','2014-11-11 10:03:53','1970-01-24 21:35:31'),(12,12,'declined','1972-12-15 09:38:31','1994-04-19 19:40:29'),(13,13,'approved','1990-02-24 16:21:52','1998-04-20 03:09:07'),(14,14,'approved','1980-02-25 01:13:25','1977-05-30 12:11:59'),(15,15,'approved','2004-12-04 18:42:20','1971-02-11 22:37:48'),(16,16,'approved','1982-01-11 14:47:18','1990-02-07 22:26:03'),(17,17,'declined','1995-04-26 14:42:28','1995-05-03 21:29:33'),(18,18,'requested','2017-11-20 02:07:23','2015-04-23 04:01:03'),(19,19,'requested','1992-09-27 00:29:55','1985-02-21 03:37:04'),(20,20,'declined','2014-02-13 16:11:58','2008-03-17 02:43:40'),(21,21,'declined','1992-02-01 14:42:33','2000-03-16 09:01:58'),(22,22,'declined','1999-03-05 06:27:03','1973-12-28 12:40:17'),(23,23,'approved','1970-07-12 17:28:40','2004-08-16 21:34:35'),(24,24,'requested','1977-12-06 22:27:09','1983-02-22 03:28:36'),(25,25,'declined','1984-09-09 09:12:09','1993-09-28 21:34:08'),(26,26,'requested','1982-12-12 15:47:28','1982-05-21 02:29:30'),(27,27,'declined','2017-02-27 01:18:21','1970-11-02 05:12:51'),(28,28,'approved','2010-12-31 11:35:38','1989-08-10 01:04:55'),(29,29,'approved','1986-03-13 05:43:16','2019-12-15 03:34:14'),(30,30,'declined','2010-04-22 17:50:40','2001-05-23 06:58:59'),(31,31,'approved','2012-05-04 09:56:55','2014-10-18 13:42:06'),(32,32,'requested','1991-03-24 22:41:20','1996-02-02 08:41:47'),(33,33,'approved','1977-02-23 05:55:09','1985-04-09 09:40:22'),(34,34,'approved','1972-12-12 00:39:16','2012-07-03 03:53:49'),(35,35,'approved','2020-05-27 16:19:48','2020-12-25 10:13:01'),(36,36,'unfriended','1970-09-22 04:59:24','2017-10-21 08:57:47'),(37,37,'declined','1983-04-13 00:22:04','2006-11-12 15:19:41'),(38,38,'approved','2017-11-27 06:00:42','2011-05-24 15:27:01'),(39,39,'requested','2014-03-10 01:23:27','1995-10-29 14:01:23'),(40,40,'declined','1986-02-05 11:55:31','1995-08-25 13:37:20'),(41,41,'declined','1989-10-23 08:18:00','1980-02-16 09:55:17'),(42,42,'unfriended','1978-06-28 11:17:12','2005-03-19 08:40:40'),(43,43,'requested','2012-06-08 00:31:02','2018-08-16 13:41:37'),(44,44,'approved','1986-10-31 19:36:21','2006-03-26 01:35:51'),(45,45,'unfriended','1999-08-05 10:24:21','1979-06-19 05:31:20'),(46,46,'requested','1970-03-25 18:19:52','2010-03-14 14:27:10'),(47,47,'unfriended','1990-08-05 01:50:52','2017-10-02 17:38:58'),(48,48,'requested','1994-04-04 02:17:36','1979-12-05 13:44:54'),(49,49,'approved','2019-09-09 07:35:13','1990-05-24 17:28:52'),(50,50,'declined','2015-06-19 10:07:12','1983-04-10 18:53:18'),(51,51,'requested','1994-02-07 03:37:29','1991-02-11 21:37:24'),(52,52,'declined','1977-09-10 18:36:40','1998-10-12 21:33:58'),(53,53,'unfriended','1983-10-13 18:07:35','2011-04-25 16:42:56'),(54,54,'approved','1993-06-26 17:22:38','2001-06-07 03:25:44'),(55,55,'declined','1983-01-14 14:34:25','1978-10-24 07:16:35'),(56,56,'declined','1980-09-28 05:06:21','2004-06-06 19:11:58'),(57,57,'requested','1980-05-19 19:43:35','2006-09-22 19:45:18'),(58,58,'requested','2003-04-23 06:35:58','2003-05-28 12:26:26'),(59,59,'approved','1981-10-30 20:41:12','2019-08-12 04:44:15'),(60,60,'unfriended','1988-06-16 20:27:20','1979-03-16 17:04:23'),(61,61,'declined','2003-05-22 05:05:19','1977-05-14 06:20:04'),(62,62,'approved','2008-09-10 11:04:29','2020-04-06 23:41:13'),(63,63,'declined','2013-08-06 08:36:30','1973-10-21 13:37:29'),(64,64,'approved','1973-01-19 06:37:32','2008-11-01 05:28:46'),(65,65,'declined','1971-10-23 05:45:40','2019-10-06 08:17:08'),(66,66,'approved','1974-07-15 18:20:29','2018-05-09 12:26:08'),(67,67,'approved','2013-05-02 20:11:06','2009-12-09 09:00:33'),(68,68,'approved','1980-11-08 22:15:01','1996-09-28 23:58:07'),(69,69,'unfriended','2018-01-06 13:36:28','2002-09-21 08:20:09'),(70,70,'declined','2004-04-02 00:16:16','2017-05-05 00:12:05'),(71,71,'approved','1979-10-20 03:20:41','1984-11-12 15:14:49'),(72,72,'approved','2018-07-02 07:44:25','2007-01-11 12:11:30'),(73,73,'declined','2011-12-20 01:34:06','1982-04-04 15:43:45'),(74,74,'requested','2005-09-18 06:43:01','1999-09-18 14:16:54'),(75,75,'requested','2014-12-22 08:33:46','1990-12-31 16:47:55'),(76,76,'unfriended','2009-09-04 07:52:21','1984-11-08 18:02:57'),(77,77,'unfriended','2015-11-08 15:10:05','1973-09-14 02:29:23'),(78,78,'approved','1991-06-03 18:03:54','1994-11-10 20:07:40'),(79,79,'unfriended','2019-04-04 22:32:51','1991-09-06 17:39:57'),(80,80,'requested','1984-02-26 07:25:18','1994-08-22 06:08:03'),(81,81,'unfriended','1995-06-09 00:37:19','1998-09-03 11:55:55'),(82,82,'approved','1986-12-12 04:20:56','1984-12-23 18:41:48'),(83,83,'unfriended','1977-06-07 23:21:00','2014-06-28 09:06:41'),(84,84,'declined','1985-06-10 19:34:47','2003-08-27 16:32:34'),(85,85,'approved','2014-06-10 08:40:38','1987-01-29 12:45:36'),(86,86,'unfriended','2017-12-21 13:00:12','2012-02-29 01:19:04'),(87,87,'approved','1991-06-30 14:55:06','1989-01-17 01:58:23'),(88,88,'approved','1980-08-24 14:05:24','2012-07-26 23:21:28'),(89,89,'unfriended','1985-09-03 02:31:12','1995-01-20 11:42:53'),(90,90,'approved','1981-11-11 21:27:39','2003-03-16 18:32:31'),(91,91,'requested','2014-06-18 04:15:22','1998-02-16 01:38:29'),(92,92,'unfriended','2006-06-01 11:10:33','2004-03-21 15:37:12'),(93,93,'approved','1998-09-03 15:28:01','2009-07-20 03:17:53'),(94,94,'declined','2016-04-16 15:27:02','1983-04-02 18:38:38'),(95,95,'requested','2001-02-13 02:05:08','1972-11-06 16:35:50'),(96,96,'declined','2012-09-02 22:51:45','1978-03-01 15:07:01'),(97,97,'unfriended','2004-01-04 16:23:26','1995-02-07 10:49:56'),(98,98,'approved','1978-10-22 01:43:31','1991-06-01 01:24:11'),(99,99,'approved','2010-09-26 18:24:24','2004-12-16 04:51:36'),(100,100,'unfriended','1973-10-11 12:19:01','2019-09-15 02:44:47');
/*!40000 ALTER TABLE `friend_requests` ENABLE KEYS */;
UNLOCK TABLES;

--
-- Table structure for table `likes`
--

DROP TABLE IF EXISTS `likes`;
/*!40101 SET @saved_cs_client     = @@character_set_client */;
/*!40101 SET character_set_client = utf8 */;
CREATE TABLE `likes` (
  `id` bigint(20) unsigned NOT NULL AUTO_INCREMENT,
  `user_id` bigint(20) unsigned NOT NULL,
  `media_id` bigint(20) unsigned NOT NULL,
  `created_at` datetime DEFAULT current_timestamp(),
  PRIMARY KEY (`id`),
  KEY `user_id` (`user_id`),
  KEY `media_id` (`media_id`),
  CONSTRAINT `likes_ibfk_1` FOREIGN KEY (`user_id`) REFERENCES `users` (`id`) ON DELETE CASCADE ON UPDATE CASCADE,
  CONSTRAINT `likes_ibfk_2` FOREIGN KEY (`media_id`) REFERENCES `media` (`id`) ON DELETE CASCADE ON UPDATE CASCADE
) ENGINE=InnoDB AUTO_INCREMENT=101 DEFAULT CHARSET=utf8mb4 COLLATE=utf8mb4_unicode_ci;
/*!40101 SET character_set_client = @saved_cs_client */;

--
-- Dumping data for table `likes`
--

LOCK TABLES `likes` WRITE;
/*!40000 ALTER TABLE `likes` DISABLE KEYS */;
INSERT INTO `likes` VALUES (1,1,1,'1970-12-05 09:32:37'),(2,2,2,'1975-11-15 11:13:01'),(3,3,3,'1988-06-03 16:19:32'),(4,4,4,'1994-04-12 06:05:54'),(5,5,5,'1990-07-31 09:10:46'),(6,6,6,'1984-11-11 10:16:44'),(7,7,7,'2015-10-25 16:56:17'),(8,8,8,'1976-05-07 23:00:45'),(9,9,9,'1987-12-17 18:15:35'),(10,10,10,'2018-08-19 01:43:51'),(11,11,11,'1987-02-02 18:17:43'),(12,12,12,'1997-05-03 04:19:52'),(13,13,13,'1989-03-27 20:24:37'),(14,14,14,'1985-04-20 08:22:44'),(15,15,15,'1988-07-09 18:10:25'),(16,16,16,'2013-02-20 08:53:05'),(17,17,17,'1979-02-13 17:55:50'),(18,18,18,'1999-12-25 16:17:50'),(19,19,19,'1988-08-06 03:09:29'),(20,20,20,'1984-10-04 18:15:44'),(21,21,21,'2005-08-26 21:23:33'),(22,22,22,'1990-09-27 08:19:24'),(23,23,23,'1990-03-19 01:17:18'),(24,24,24,'2006-03-27 04:17:55'),(25,25,25,'1985-01-18 03:47:53'),(26,26,26,'1998-12-12 01:21:50'),(27,27,27,'2020-07-08 08:05:13'),(28,28,28,'1989-09-17 07:11:14'),(29,29,29,'1975-09-23 08:20:27'),(30,30,30,'2007-04-23 02:10:23'),(31,31,31,'2009-01-26 07:12:23'),(32,32,32,'2014-07-26 00:50:13'),(33,33,33,'2010-02-08 23:10:49'),(34,34,34,'1979-09-22 05:13:48'),(35,35,35,'1983-05-21 04:18:21'),(36,36,36,'2013-06-18 18:20:47'),(37,37,37,'1978-06-03 07:59:39'),(38,38,38,'1972-11-14 14:19:45'),(39,39,39,'1990-11-27 10:10:37'),(40,40,40,'2013-07-22 15:01:47'),(41,41,41,'1976-10-20 00:57:59'),(42,42,42,'1987-02-16 08:51:05'),(43,43,43,'2014-03-29 11:47:38'),(44,44,44,'1975-06-09 17:43:04'),(45,45,45,'2005-07-12 19:40:30'),(46,46,46,'2002-05-06 02:44:31'),(47,47,47,'2020-07-13 18:21:49'),(48,48,48,'1979-10-06 05:25:01'),(49,49,49,'2010-06-24 09:56:48'),(50,50,50,'2001-12-31 08:50:32'),(51,51,51,'1981-03-06 11:21:25'),(52,52,52,'1992-04-20 07:26:33'),(53,53,53,'1988-07-26 09:54:03'),(54,54,54,'2019-11-19 00:51:24'),(55,55,55,'1998-10-21 16:56:17'),(56,56,56,'2012-11-30 20:45:25'),(57,57,57,'1992-04-22 03:25:55'),(58,58,58,'1988-10-25 16:21:11'),(59,59,59,'1978-08-03 03:03:00'),(60,60,60,'2016-11-09 06:31:07'),(61,61,61,'1986-02-28 16:31:02'),(62,62,62,'1978-08-07 05:12:42'),(63,63,63,'2002-09-21 15:48:13'),(64,64,64,'1984-12-16 02:05:29'),(65,65,65,'1976-12-25 17:01:09'),(66,66,66,'2012-10-17 08:01:28'),(67,67,67,'1971-03-10 15:17:16'),(68,68,68,'2012-08-08 15:43:26'),(69,69,69,'1989-09-30 09:56:12'),(70,70,70,'2011-11-30 13:19:11'),(71,71,71,'1986-04-20 03:51:48'),(72,72,72,'1974-03-07 22:55:45'),(73,73,73,'1979-07-10 15:48:31'),(74,74,74,'2009-11-25 01:11:16'),(75,75,75,'2007-03-10 15:23:38'),(76,76,76,'2000-11-06 13:20:54'),(77,77,77,'2018-11-10 07:36:28'),(78,78,78,'1990-01-23 10:46:46'),(79,79,79,'1983-05-04 09:51:37'),(80,80,80,'1998-04-28 07:24:37'),(81,81,81,'2010-10-23 19:42:57'),(82,82,82,'1999-04-07 22:15:27'),(83,83,83,'2004-05-08 22:57:19'),(84,84,84,'1987-10-28 02:31:08'),(85,85,85,'1988-07-06 17:21:37'),(86,86,86,'1989-09-27 00:13:08'),(87,87,87,'2019-01-03 03:52:57'),(88,88,88,'2015-12-25 11:02:36'),(89,89,89,'1975-11-02 09:17:54'),(90,90,90,'1977-09-21 01:05:48'),(91,91,91,'1994-04-10 14:06:20'),(92,92,92,'2001-01-28 19:23:04'),(93,93,93,'2000-06-24 14:53:44'),(94,94,94,'1978-04-02 22:02:18'),(95,95,95,'2017-12-04 12:30:44'),(96,96,96,'1983-10-01 03:07:32'),(97,97,97,'2019-11-26 06:25:36'),(98,98,98,'1993-07-24 10:17:01'),(99,99,99,'1989-03-11 12:49:23'),(100,100,100,'1975-10-27 11:26:45');
/*!40000 ALTER TABLE `likes` ENABLE KEYS */;
UNLOCK TABLES;

--
-- Table structure for table `media`
--

DROP TABLE IF EXISTS `media`;
/*!40101 SET @saved_cs_client     = @@character_set_client */;
/*!40101 SET character_set_client = utf8 */;
CREATE TABLE `media` (
  `id` bigint(20) unsigned NOT NULL AUTO_INCREMENT,
  `media_type_id` bigint(20) unsigned DEFAULT NULL,
  `user_id` bigint(20) unsigned NOT NULL,
  `body` text COLLATE utf8mb4_unicode_ci DEFAULT NULL,
  `filename` varchar(255) COLLATE utf8mb4_unicode_ci DEFAULT NULL,
  `size` int(11) DEFAULT NULL,
  `metadata` longtext CHARACTER SET utf8mb4 COLLATE utf8mb4_bin DEFAULT NULL CHECK (json_valid(`metadata`)),
  `created_at` datetime DEFAULT current_timestamp(),
  `updated_at` datetime DEFAULT current_timestamp() ON UPDATE current_timestamp(),
  PRIMARY KEY (`id`),
  KEY `user_id` (`user_id`),
  KEY `media_type_id` (`media_type_id`),
  CONSTRAINT `media_ibfk_1` FOREIGN KEY (`user_id`) REFERENCES `users` (`id`) ON DELETE CASCADE ON UPDATE CASCADE,
  CONSTRAINT `media_ibfk_2` FOREIGN KEY (`media_type_id`) REFERENCES `media_types` (`id`) ON DELETE SET NULL ON UPDATE CASCADE
) ENGINE=InnoDB AUTO_INCREMENT=101 DEFAULT CHARSET=utf8mb4 COLLATE=utf8mb4_unicode_ci;
/*!40101 SET character_set_client = @saved_cs_client */;

--
-- Dumping data for table `media`
--

LOCK TABLES `media` WRITE;
/*!40000 ALTER TABLE `media` DISABLE KEYS */;
INSERT INTO `media` VALUES (1,1,1,'Hic sequi et ut sunt. Fugit maxime et vel qui culpa ipsam sit. Est eius quia quae nisi. Labore voluptatem in deserunt eveniet et placeat facere.','optio',814637,NULL,'1986-10-01 07:26:19','1974-08-25 12:30:42'),(2,2,2,'Expedita dicta dolores fugiat. Laboriosam mollitia quis consequatur facere assumenda cum in. Delectus pariatur quo maiores porro inventore eaque atque. Quo ea quia nam aut voluptatem ut consectetur aliquam.','eos',50891,NULL,'1972-02-15 04:31:07','2010-06-20 09:51:42'),(3,3,3,'Adipisci fuga et asperiores id. Atque laudantium veniam ipsa laudantium officia amet itaque quia. Laudantium repellat est repellendus voluptatem aut voluptas sint. Sunt et nostrum rem enim quia dolor.','omnis',25,NULL,'2013-02-15 05:18:40','1978-12-12 16:07:46'),(4,4,4,'Ut ab sunt aspernatur voluptas aut fugit ratione. Quidem ullam numquam quas omnis voluptatum voluptate. Quo qui molestiae quasi et praesentium ea.','porro',6579382,NULL,'1986-12-15 05:54:53','1974-12-15 02:59:37'),(5,5,5,'Molestias explicabo qui occaecati sapiente et sed quia eius. Et architecto impedit est. Veniam occaecati dolorem rem aliquid dolores ipsa iusto et. Id laudantium omnis error dolor ad aut.','maxime',8410843,NULL,'2004-05-12 07:01:30','1991-05-14 14:12:29'),(6,6,6,'Non perferendis nihil quam omnis odio minus. Nemo quisquam repellat est quia. Quia porro delectus repellendus ex provident excepturi. Doloribus sequi ipsum molestiae assumenda tempore fuga officiis voluptate.','neque',5,NULL,'1982-05-09 16:10:20','2011-05-05 13:31:45'),(7,7,7,'Ut sint repellat iusto ea est porro ab. Quia ut sint amet autem dolorem. Eos ad enim occaecati ipsam consequatur odit.','et',78,NULL,'1987-03-23 20:13:05','2001-01-06 08:20:46'),(8,8,8,'Sint consequatur mollitia repellat aliquam. Nesciunt animi nemo facere aspernatur illo. Ut vero accusamus qui asperiores. Et voluptas eos nostrum.','aliquam',7306537,NULL,'1996-06-21 10:27:42','2003-03-15 14:34:39'),(9,9,9,'Dolor qui nisi earum quas doloremque. Inventore aspernatur dolor expedita autem. Quae et qui ad qui modi quis.','ipsa',6,NULL,'2000-11-22 04:31:59','1999-06-19 00:11:08'),(10,10,10,'Facere voluptas molestiae sit aut porro. Deserunt numquam est vero laborum voluptas doloremque non. Asperiores quam sed delectus laboriosam incidunt. Harum sequi rerum dolorem dolores ut laborum alias. Ut qui dignissimos numquam corporis debitis sapiente quia.','consequuntur',89,NULL,'1982-07-06 20:37:09','2014-11-22 13:03:51'),(11,11,11,'Deleniti repudiandae qui quo ut dicta excepturi ea. Earum et ab id quia placeat necessitatibus laudantium. Alias et corrupti voluptatem magnam. Sunt ducimus consequatur aut et omnis reprehenderit.','quis',51,NULL,'1983-12-28 13:18:46','1994-06-16 01:34:07'),(12,12,12,'Autem vel explicabo quaerat. Nisi saepe veritatis asperiores libero alias molestiae. Doloribus voluptas nemo quo sint et. Sint veritatis necessitatibus quaerat.','non',17644552,NULL,'2012-03-11 17:28:55','2009-12-18 19:17:19'),(13,13,13,'Rem ut aut nesciunt earum sed odio cupiditate. Velit voluptas qui adipisci veniam harum aliquid. Iure laboriosam quidem dolor et ea sit perferendis. Eaque nihil asperiores quia repudiandae laboriosam quas assumenda quidem.','enim',683638,NULL,'2008-02-09 18:20:19','2017-12-26 03:14:36'),(14,14,14,'Fuga optio accusantium qui repellendus. Sapiente voluptate qui rem est accusamus alias fugit. Aut fuga et nisi consequatur eos at. Illum qui quis dolor ad beatae voluptates.','in',20655,NULL,'1990-03-18 16:59:08','1994-10-02 22:03:11'),(15,15,15,'Unde maxime voluptas labore. Labore totam asperiores perspiciatis ducimus aspernatur omnis. Velit doloribus distinctio quos voluptates impedit delectus modi enim.','consequuntur',271484,NULL,'2010-10-15 16:19:08','1981-05-25 03:03:31'),(16,16,16,'Iusto consequatur sit non perferendis sed ipsa. Sed ab repellat non excepturi odio sit aliquam aut. Aliquam maiores doloribus veritatis et eveniet saepe. Repudiandae enim voluptatibus similique inventore beatae rerum ut. Qui nostrum quibusdam corporis neque.','dolor',629,NULL,'1987-10-15 09:27:46','2002-02-26 00:08:56'),(17,17,17,'Sit sed quia explicabo quisquam quaerat eaque aut delectus. Incidunt eligendi et dolorem molestiae. Tempore est veritatis minima aspernatur provident dolor a. Quam ut quia magni earum optio praesentium voluptates.','sed',2,NULL,'1988-08-24 23:52:33','2017-12-01 13:30:16'),(18,18,18,'Fugit mollitia est voluptas inventore modi mollitia. Recusandae enim omnis itaque unde consectetur qui et. Voluptatem nihil enim laudantium rerum maxime.','quidem',99886933,NULL,'1981-10-17 11:32:16','1970-02-16 10:16:11'),(19,19,19,'Eum eaque quis possimus et odit. Quam a itaque dolorem dolores et recusandae. Omnis est aliquid expedita maxime officiis ut tempora et. Id aut aspernatur voluptatem quo dicta.','est',6494396,NULL,'2004-11-26 22:26:50','1992-04-03 14:59:07'),(20,20,20,'Ex corporis ullam commodi nostrum in recusandae. Eum et fuga porro. Ut nam commodi magni sed.','repudiandae',11546639,NULL,'1994-07-31 10:16:41','1988-12-29 19:05:34'),(21,21,21,'Inventore temporibus quas beatae itaque. Nihil ullam rerum eos fugit natus qui ad. Et facilis neque quis quia et et qui. Quisquam maxime reprehenderit facere est tenetur.','eaque',810,NULL,'2012-11-05 19:24:06','1996-09-26 01:02:40'),(22,22,22,'Corrupti quis quis neque nisi rem sed suscipit. Eius atque voluptatibus ut sit rerum et. Aliquid molestias eveniet minima vero voluptatem et vel. Sit neque ut amet atque blanditiis voluptatibus. Velit accusamus eos ipsam et vel.','officia',6041,NULL,'1998-01-22 01:51:08','1975-04-07 21:33:35'),(23,23,23,'Quis velit doloribus sint consequuntur. Amet ut repellat est repellendus aut enim porro occaecati. Sequi deleniti atque maxime sint animi earum.','odio',4050,NULL,'2018-11-23 22:26:55','1989-01-18 02:34:50'),(24,24,24,'Amet est vel labore corrupti porro omnis nihil. Consequatur commodi hic rerum accusantium quia. Qui sint id sapiente facilis repudiandae. Enim impedit eum quo officia.','tempora',8554,NULL,'2005-05-16 05:23:18','1994-12-21 07:54:50'),(25,25,25,'Accusantium perferendis dignissimos quisquam sapiente laboriosam. In et omnis id necessitatibus rerum officia sunt. Dolore non laborum aspernatur porro quo est et excepturi. Consequatur similique ut hic facere sit. Autem culpa nesciunt fuga temporibus.','aut',15785210,NULL,'2017-08-10 06:05:03','1987-10-02 06:07:27'),(26,26,26,'Qui sunt ipsa non quo consequuntur qui aut. Fugit nihil voluptatum atque expedita accusantium tempore nemo omnis. Repellendus autem voluptatem perspiciatis esse voluptatem ad consequatur. Atque qui quam autem non dolores harum dolorum.','quibusdam',570112015,NULL,'1971-01-21 07:50:03','2004-01-01 17:27:10'),(27,27,27,'Ut aut natus quae repellat. Odio est est magnam dolorum itaque qui modi voluptatem. Culpa aut dicta ea laboriosam ducimus ullam cupiditate. Error saepe vero ipsam.','et',7,NULL,'2012-06-17 09:48:30','1997-10-02 10:51:08'),(28,28,28,'Recusandae odit suscipit eaque excepturi necessitatibus id. Accusamus mollitia aut provident eaque. Aut adipisci aut itaque excepturi rerum sed.','explicabo',0,NULL,'2007-05-19 23:04:36','2014-10-28 14:10:41'),(29,29,29,'Dolor nam aspernatur dolor aut dolores numquam. Eum delectus eos facilis. Vero vero illum odio necessitatibus porro. Animi ut accusamus veniam velit iste sit ullam ipsa.','voluptate',9802,NULL,'1978-11-11 10:40:17','2015-10-01 04:08:18'),(30,30,30,'Vel quis laudantium ea qui. Omnis quae delectus reiciendis reiciendis nihil. Facilis temporibus aut ut et et ut.','possimus',5,NULL,'1971-10-03 19:01:43','2016-03-31 17:31:33'),(31,31,31,'A asperiores possimus omnis dolor dolorem nobis quam. Et sint et aut repellat totam excepturi quo aliquid. Voluptatem dolor sit beatae non nesciunt nihil quo. Rerum et harum consequatur provident.','quo',9258,NULL,'1972-04-01 09:12:25','1986-10-29 23:34:11'),(32,32,32,'Dolorum et accusamus ut. Aut ut tenetur nihil sit. Est repudiandae sit voluptatem. Possimus molestias magnam ullam eos voluptas.','unde',1857,NULL,'1983-12-28 11:54:21','1986-07-03 15:43:06'),(33,33,33,'Nesciunt iusto ducimus eveniet officia suscipit. Consequatur aut et debitis. Nemo cupiditate et voluptatibus aliquam et aliquam autem. Molestiae impedit aut nemo ad expedita voluptas sit. Molestiae aut sit amet velit.','qui',6,NULL,'2002-04-05 16:03:09','1973-04-03 09:52:53'),(34,34,34,'Molestiae qui officia nulla corrupti. Quo vitae amet fuga. Voluptas nihil sequi ducimus vel esse dolore libero.','sapiente',9,NULL,'2000-09-08 17:15:30','2005-10-22 10:00:18'),(35,35,35,'Quasi sit praesentium amet molestias aut provident. Sit et minus pariatur et. Aliquid ratione exercitationem eveniet animi.','et',5954,NULL,'2017-02-19 06:11:51','2012-01-21 13:58:48'),(36,36,36,'Rerum sed earum sed inventore placeat omnis qui. Eligendi illum veritatis animi quaerat. Aut et harum et temporibus beatae. Dolor aliquam ut blanditiis rerum.','maiores',8,NULL,'2016-07-06 01:06:40','2003-10-19 15:35:50'),(37,37,37,'Ipsam ut id maxime est veniam nostrum. Eaque fugiat culpa maxime qui id exercitationem est quia. Ut voluptate enim officiis optio laudantium architecto. Consequatur repellat odio libero ipsum.','sint',97,NULL,'2006-09-02 08:27:31','1985-10-01 14:00:55'),(38,38,38,'Voluptas ipsum molestiae necessitatibus nesciunt sunt. Assumenda esse cum nihil autem voluptatem enim modi. Cum dolorem consequatur molestias sint eveniet sunt. Saepe reprehenderit odit aut voluptas.','ut',53983,NULL,'1971-12-04 01:29:19','2012-06-09 04:11:28'),(39,39,39,'Nesciunt nihil unde unde doloremque. Praesentium magni dolor voluptatem hic. Exercitationem modi quo laudantium aperiam.','repudiandae',1,NULL,'1979-12-25 14:01:24','2006-05-28 10:26:29'),(40,40,40,'Rem ipsum ut vero eaque consequatur. Quae distinctio minima voluptas. In ut maiores quis sunt odio. Et et mollitia expedita aut sunt.','sit',4683715,NULL,'1980-12-09 12:00:10','1986-03-30 03:30:54'),(41,41,41,'Adipisci eaque molestias vel aut qui commodi. Delectus unde id expedita. Quaerat rem iste praesentium harum aut optio. Odio consequatur enim velit rerum.','esse',81864752,NULL,'1999-04-11 07:04:33','1972-01-17 11:20:03'),(42,42,42,'Quisquam natus voluptatibus iusto natus sit. Adipisci unde animi optio sunt iure minima dolor voluptatem. Maxime molestiae voluptatem vel.','natus',0,NULL,'2016-10-20 06:24:18','1982-01-23 11:09:19'),(43,43,43,'Animi ad distinctio sint et ea maiores doloribus. Praesentium libero culpa fugiat occaecati quia. Illo autem numquam cupiditate et sed possimus fuga.','a',94727,NULL,'1983-10-31 16:00:20','1985-02-08 18:23:52'),(44,44,44,'Ad officiis rerum voluptatem enim laboriosam odit saepe. Reprehenderit doloribus unde provident. Eaque ratione omnis veritatis labore temporibus dolores voluptatem. Et eum non ut amet voluptas tempore quae. Fugiat ipsum est vel ipsum voluptatem eos aut fugiat.','sit',69804399,NULL,'1980-02-20 21:38:30','1983-03-23 18:55:04'),(45,45,45,'Aut sed eos et vel sit. Voluptatibus voluptatibus consequatur ea debitis temporibus magnam. Quis quas non et magni aut possimus et. Exercitationem nesciunt ea a dignissimos. Nihil molestias rerum velit architecto.','dignissimos',0,NULL,'2006-01-29 14:37:44','2003-04-21 12:27:55'),(46,46,46,'Repellendus ducimus et consequatur dolor. Dolor voluptas ex sequi numquam. Beatae nesciunt ut sint nihil saepe.','autem',48473,NULL,'2006-06-20 23:57:34','2003-04-13 11:10:34'),(47,47,47,'Consequuntur nisi eos voluptatem doloremque. Minus blanditiis quaerat dolorem perferendis assumenda. Excepturi eos unde facere voluptatem. Eveniet eum et esse quis mollitia officia et. Quisquam nemo quia velit sint.','ratione',47922946,NULL,'1988-09-15 00:37:38','1987-07-10 04:52:03'),(48,48,48,'Adipisci non sunt atque eius dolorem. Odit aut expedita et. Maxime minus est illum sed ab tempora vel. Pariatur omnis in et iure eos fugiat. Maiores voluptas ad dolore beatae amet doloremque.','ad',0,NULL,'1987-12-15 22:40:20','1991-01-03 12:01:42'),(49,49,49,'Modi eius libero sequi voluptatem. Porro asperiores deserunt iure magnam reiciendis ut et atque. Qui accusamus voluptas porro perferendis. Quasi consequatur veniam iure quo.','doloremque',9779,NULL,'1995-09-10 23:11:43','1973-05-25 03:16:53'),(50,50,50,'Fuga quos nihil nam consequatur quibusdam. Neque quam non reiciendis maxime officia. Ipsa soluta occaecati voluptas est est tenetur eligendi. Est tempora est ut alias a eius.','adipisci',372722,NULL,'2012-01-19 17:32:10','2020-03-21 16:56:47'),(51,51,51,'Aliquid magni iste impedit odit. Blanditiis reprehenderit quibusdam eum quis maxime. Doloremque aut quod laborum architecto qui qui veritatis. Ab accusamus dolores blanditiis tempora ipsam magnam deleniti.','et',179950450,NULL,'1979-11-12 23:18:09','1979-02-14 15:23:27'),(52,52,52,'Praesentium vel modi quod nesciunt et. Distinctio est et molestiae in totam corporis itaque. Earum consequatur qui qui voluptatibus ut consequuntur. Et odit doloremque ducimus sunt enim maxime quos.','voluptatem',0,NULL,'2012-06-13 18:13:46','1992-11-05 20:53:10'),(53,53,53,'Est debitis quos est fugiat facere dolore. Autem qui aliquid hic et veritatis qui dolores ipsa. Deleniti dolore dolores cupiditate eos rerum et.','sint',731,NULL,'1984-05-31 20:08:12','1987-01-08 07:32:59'),(54,54,54,'Fugit ab quisquam perferendis eum debitis. Enim id non harum quisquam. Minima delectus et aut nihil enim.','aut',8289,NULL,'1984-02-04 12:08:31','1985-03-29 19:07:41'),(55,55,55,'Sit harum aut quae. Sed rerum ipsum et sequi dolorum. Voluptas tempora voluptas veritatis aut magni atque et. Consequatur soluta autem et dignissimos veniam et. Beatae quia voluptas exercitationem autem ut voluptas.','omnis',570,NULL,'1989-01-07 01:48:05','1988-01-13 02:41:52'),(56,56,56,'Neque voluptate dolor occaecati molestiae eum eos. Iusto accusantium iste amet incidunt. Et quae et fugit saepe voluptas reprehenderit a odit. Nostrum debitis sapiente quo sapiente id odio unde ut.','numquam',57689,NULL,'1973-05-03 19:30:03','1998-02-18 10:36:55'),(57,57,57,'Nesciunt maxime exercitationem excepturi perspiciatis commodi et. Possimus quos ipsam sint occaecati. Eligendi exercitationem sapiente et. Odit quae autem aut similique dolores ut odio.','ex',4645,NULL,'1983-06-27 13:30:38','2001-03-25 04:11:56'),(58,58,58,'Et consequatur molestiae explicabo voluptas. Modi quis incidunt iste. Tenetur consequuntur quis pariatur dolorum quia. Aut omnis iusto autem iure sed non.','sit',0,NULL,'1970-03-18 13:38:31','1981-09-03 23:54:58'),(59,59,59,'Optio et earum necessitatibus doloribus id unde non. Itaque quasi ut ad amet quis aut. Veritatis facere rerum doloremque a. Aut voluptatem expedita aliquid qui. Aut minus optio esse consectetur numquam nihil consequatur.','ipsa',98342250,NULL,'1998-01-06 08:25:12','2015-08-29 12:22:01'),(60,60,60,'Unde dolore unde id. Quasi perferendis enim architecto fuga voluptas minima. Incidunt ab ex odit vero tempore eum culpa. Facere quia aspernatur dolorum.','nemo',944478828,NULL,'1984-06-02 08:05:41','1997-09-06 13:10:07'),(61,61,61,'Iure quia eius et dolorem eum sed animi. Hic maiores ut nihil voluptates ipsam tenetur. At dolore quisquam nemo explicabo excepturi rerum sunt. Est aspernatur mollitia expedita et velit. Maiores et assumenda rerum illum.','aut',639190420,NULL,'2000-03-17 18:32:29','2006-01-14 14:27:25'),(62,62,62,'Dicta minima consectetur accusamus aliquam voluptates ut sapiente. Modi sit ea voluptates assumenda quasi. Maiores quo porro quia officiis et libero sint. Dolore molestiae et voluptatem. Eos vel impedit dolorem fugit.','ducimus',772967,NULL,'2009-09-20 00:18:29','1970-06-02 18:20:05'),(63,63,63,'Voluptates autem illum doloremque sed dolores dolorem mollitia. Ea nihil voluptatem et quaerat quisquam voluptatem optio. Id id voluptatibus voluptas eos quo.','rem',47756,NULL,'1977-03-01 13:36:15','2001-07-06 07:41:25'),(64,64,64,'Mollitia quidem maxime ut nam recusandae voluptatum. Deserunt debitis et quo voluptatum. Omnis et omnis impedit sit. Est molestiae id non voluptates quibusdam quis et fugiat.','et',9,NULL,'2009-09-07 09:41:55','2012-07-31 21:21:59'),(65,65,65,'Voluptas iusto nobis qui et nihil. At et quam consequatur. Nobis odit culpa iusto facere est.','cumque',9,NULL,'1995-03-01 18:04:16','1984-07-15 02:01:00'),(66,66,66,'Error incidunt rem vel qui ipsam sint. Aut recusandae molestiae qui laborum. Totam rem eum est laudantium et minima.','qui',579551,NULL,'2004-10-01 20:00:59','1981-03-20 13:14:27'),(67,67,67,'Et porro rerum quia non occaecati. Error tenetur est aut ex nemo corporis fugiat. Aperiam ipsa dolor illum eaque ipsam corporis asperiores labore.','eum',14271,NULL,'2002-12-07 06:18:05','2002-06-27 19:30:00'),(68,68,68,'Non totam et doloribus qui quibusdam eligendi. Eius modi dolorum error cum id exercitationem amet molestias. Iusto esse odit error cumque optio et quae.','earum',285511267,NULL,'2015-05-29 01:44:01','2009-08-23 14:54:21'),(69,69,69,'Corporis deserunt quia doloremque eum inventore blanditiis odio consectetur. Eos sint est atque reprehenderit. Perspiciatis sit animi mollitia blanditiis nihil corrupti. Ut non ducimus voluptatibus dolores maiores praesentium.','aperiam',543,NULL,'1996-10-03 12:01:41','1977-06-28 16:48:36'),(70,70,70,'Non sit unde qui sed possimus et libero laboriosam. Accusamus harum quis amet saepe. Excepturi distinctio impedit vero sed sunt voluptatum. Ipsam et est occaecati doloremque deleniti molestiae.','quas',37,NULL,'2009-04-23 18:33:10','1977-04-17 22:25:44'),(71,71,71,'Exercitationem ea quis laborum nam illum omnis. Laudantium eligendi qui vitae magni. Qui laudantium ut sit omnis ut dolor soluta. Qui velit placeat est totam molestias veniam.','eum',57442,NULL,'2001-02-20 06:51:42','2017-08-29 09:51:05'),(72,72,72,'Et ut illum voluptatum. Magni laudantium ab quis qui. Aut neque ipsam quisquam unde et voluptatibus asperiores. Illum voluptatum nulla tenetur.','enim',0,NULL,'1977-07-21 10:30:06','2017-10-09 16:15:31'),(73,73,73,'Iste qui dolorem enim aut ipsa nisi beatae odit. Quidem et consequatur dolore nostrum molestias et repellendus. Omnis eum nemo incidunt aspernatur voluptates. Quibusdam id eligendi unde nemo qui velit.','eum',58632204,NULL,'1983-06-24 22:52:46','1999-01-06 18:34:55'),(74,74,74,'Aliquam eius earum occaecati aliquid iure laudantium. Quibusdam aut sunt delectus minima dicta nihil. Nihil quo doloremque et quae. Tempore non fugit laborum.','enim',130368,NULL,'2018-01-15 06:24:03','1979-06-25 21:23:23'),(75,75,75,'Delectus quibusdam labore eum sit aut. Molestias odit sed est et explicabo voluptatem. Eius quod ea repellendus qui ullam. Consequatur ipsam nihil debitis facere sit.','aut',535850429,NULL,'1982-09-01 05:36:44','1976-01-09 10:02:13'),(76,76,76,'Esse est qui quae maiores incidunt eum aut sequi. Quos consequatur fugit ab quae et laboriosam velit dignissimos. Ipsam ratione non exercitationem labore.','eos',38306034,NULL,'2012-02-22 10:04:56','1978-11-01 12:50:19'),(77,77,77,'Autem atque omnis esse in asperiores. Qui dolorem eum rerum repudiandae ipsa. Sint dolores inventore repudiandae possimus vel deleniti distinctio. Incidunt nihil iusto et qui aut deleniti labore. Facere eveniet adipisci temporibus dolorum ut.','tempore',8824,NULL,'1974-06-08 03:23:20','1994-06-23 12:09:05'),(78,78,78,'Sit aliquid molestiae esse provident hic delectus enim et. Velit earum aut recusandae et qui tempora laborum. Aut debitis dignissimos non quasi.','ipsam',8519,NULL,'2007-08-23 19:46:09','2021-01-06 13:16:56'),(79,79,79,'Vel excepturi error fugiat doloribus ipsa. Doloremque molestias numquam ea placeat facere. Qui sed quaerat vero quae. Cum similique et in soluta dolores. Et debitis sequi rerum aliquam voluptatem.','sed',9035,NULL,'1973-12-21 09:38:52','1976-04-17 09:48:36'),(80,80,80,'Odio non cumque animi hic. Et et sit explicabo voluptas molestiae earum. Et quibusdam occaecati vel magni.','qui',300402,NULL,'1991-12-19 06:57:39','2007-12-13 23:07:21'),(81,81,81,'Adipisci perspiciatis cumque ad voluptatem tempora consequatur aut. Quis qui assumenda ex aliquam aut qui. Quaerat repellat est aut at. Est impedit dolorum veniam natus asperiores nisi officia consequatur.','tenetur',0,NULL,'2002-08-30 14:12:38','2015-07-22 22:27:32'),(82,82,82,'Ut non molestias nihil autem aut sed sit. Rerum ipsum id veniam et nihil amet quod.','et',95770,NULL,'1987-01-09 13:03:31','2017-09-29 21:29:08'),(83,83,83,'Iusto voluptates necessitatibus maxime sint. Quis tempore quidem ipsam non ea reiciendis est. Error ut rerum qui dolor sunt dolorum similique. Impedit quos voluptates est voluptate quis.','perspiciatis',4695361,NULL,'1983-06-11 07:17:27','2015-08-03 13:20:27'),(84,84,84,'Quia eum sit est officia. In provident sed adipisci et est necessitatibus. Neque quam asperiores quo est ratione est sunt. Error aut itaque natus eos qui voluptas.','ipsum',833703835,NULL,'1997-11-02 15:12:14','1973-12-31 07:50:07'),(85,85,85,'Unde facere doloribus temporibus velit et repellendus. Adipisci sunt recusandae voluptatem animi. At porro ut aut est quis. Velit vero aut qui reprehenderit reprehenderit ullam.','non',12008048,NULL,'1982-05-22 06:07:37','1987-09-21 06:58:12'),(86,86,86,'Eum aut corrupti modi suscipit iure dolor reiciendis architecto. Enim ipsam ex illum nulla voluptatem nulla laboriosam. Laboriosam quas qui tenetur qui. Sunt velit laboriosam nobis.','provident',0,NULL,'1974-01-09 14:17:21','2013-03-24 01:18:13'),(87,87,87,'Ipsam fugit esse inventore voluptates quia quidem omnis. Voluptatum consectetur velit eum provident maiores illum. Fugiat accusantium consequatur harum similique neque quod ut. At et laboriosam esse ea est sint labore.','impedit',133693,NULL,'1975-08-06 06:24:04','1992-02-18 17:48:25'),(88,88,88,'Facilis culpa et qui ab dolores sunt facilis beatae. Non esse non facilis qui non eos et. Dolor aspernatur autem voluptates architecto.','enim',632490,NULL,'2012-08-15 06:42:12','1997-09-06 05:02:58'),(89,89,89,'Et molestiae occaecati qui ut quae voluptatem. Corporis enim earum magnam. Hic doloribus dolorem assumenda blanditiis recusandae.','eum',61409102,NULL,'2000-07-28 06:44:53','2012-12-18 09:25:21'),(90,90,90,'Commodi aut molestiae voluptates nisi a aut minus. Dolore et sunt fugit vel aut aspernatur quae. Quia maiores deserunt magnam quidem labore perspiciatis quo. Iure quaerat consequuntur libero perspiciatis labore non.','quam',4,NULL,'1973-10-23 16:53:10','1970-07-08 18:51:23'),(91,91,91,'Vel quis dolorum doloremque quia maxime. Cumque molestias similique aut neque id sint qui. Qui quia dolorem ducimus consequatur quam.','reiciendis',0,NULL,'1984-06-21 16:23:43','1995-04-16 10:20:23'),(92,92,92,'Error maxime rerum enim qui saepe debitis quo. Distinctio voluptatum qui culpa nostrum. Ipsa odio esse suscipit dolorum.','omnis',5862241,NULL,'2006-09-23 01:37:18','2000-03-13 17:19:54'),(93,93,93,'In corporis ipsum provident eos. Aut magnam quisquam quis aut reiciendis quia aliquam. Dolor nihil impedit quia corporis et.','possimus',83751450,NULL,'2017-07-13 12:13:49','1976-08-31 12:05:01'),(94,94,94,'Quisquam reprehenderit rerum dolorem ipsam magnam. Nulla exercitationem officiis delectus eaque amet nobis ut. Molestiae omnis repudiandae et quia. Qui non cum sint non voluptatibus et expedita aut.','hic',885961,NULL,'2017-03-08 18:33:17','2013-11-19 14:32:35'),(95,95,95,'Autem voluptas non ut provident. Enim cumque consequatur qui veniam. Consequuntur facere cupiditate quidem quis necessitatibus explicabo recusandae eligendi. Beatae odio voluptates soluta nisi commodi.','ut',0,NULL,'2001-02-28 06:13:11','2010-08-21 02:10:54'),(96,96,96,'Fugiat eos dolores natus quasi velit. Ea dignissimos beatae unde unde nemo. Sint inventore non possimus dolores corrupti sed.','corrupti',73,NULL,'1989-03-10 12:07:38','2015-07-11 06:32:58'),(97,97,97,'Eius aut adipisci in nemo cum nemo et. Voluptatem et est expedita aut facere. Velit facilis earum rerum dolores blanditiis. Repellendus reiciendis minus accusamus.','corporis',0,NULL,'2011-11-13 18:36:32','2012-12-10 04:41:59'),(98,98,98,'Ut deleniti aliquid dolor molestias fugit incidunt ad enim. Est autem tempora voluptate placeat. Quos non maiores ut magni voluptates. Sunt voluptas totam autem excepturi quo laboriosam.','nostrum',0,NULL,'1996-01-30 10:24:58','2003-07-18 22:53:24'),(99,99,99,'Ullam at architecto omnis dolorum illum qui. Asperiores voluptas cumque quos mollitia est accusamus. Consequatur veniam quisquam quia eaque voluptatem sed.','in',296,NULL,'1979-07-18 07:31:47','2016-05-08 11:01:15'),(100,100,100,'Maxime porro architecto voluptatem voluptatum. Nihil tempora aut deleniti delectus quaerat tempora maiores omnis.','ipsa',4143389,NULL,'1998-08-28 08:08:06','2011-05-07 21:53:12');
/*!40000 ALTER TABLE `media` ENABLE KEYS */;
UNLOCK TABLES;

--
-- Table structure for table `media_types`
--

DROP TABLE IF EXISTS `media_types`;
/*!40101 SET @saved_cs_client     = @@character_set_client */;
/*!40101 SET character_set_client = utf8 */;
CREATE TABLE `media_types` (
  `id` bigint(20) unsigned NOT NULL AUTO_INCREMENT,
  `name` varchar(255) COLLATE utf8mb4_unicode_ci DEFAULT NULL,
  `created_at` datetime DEFAULT current_timestamp(),
  `updated_at` datetime DEFAULT current_timestamp() ON UPDATE current_timestamp(),
  PRIMARY KEY (`id`)
) ENGINE=InnoDB AUTO_INCREMENT=101 DEFAULT CHARSET=utf8mb4 COLLATE=utf8mb4_unicode_ci;
/*!40101 SET character_set_client = @saved_cs_client */;

--
-- Dumping data for table `media_types`
--

LOCK TABLES `media_types` WRITE;
/*!40000 ALTER TABLE `media_types` DISABLE KEYS */;
INSERT INTO `media_types` VALUES (1,'qui','2007-10-31 07:47:08','2005-05-16 06:18:50'),(2,'magni','1984-10-10 12:22:07','1996-06-23 09:18:36'),(3,'aperiam','2008-04-12 07:20:38','2004-02-13 22:37:08'),(4,'explicabo','2006-05-03 21:12:23','1989-07-19 15:52:32'),(5,'consequatur','2008-02-16 07:33:25','1988-08-07 04:12:14'),(6,'dolores','2005-12-31 13:25:51','1972-10-15 23:36:19'),(7,'quae','2019-09-14 06:22:55','1996-05-27 12:28:31'),(8,'laboriosam','2009-02-26 09:09:19','2020-02-02 03:24:54'),(9,'molestiae','2016-10-26 19:03:44','1985-06-13 20:09:34'),(10,'similique','1995-08-18 13:26:58','1974-01-13 18:55:29'),(11,'cupiditate','2020-08-05 22:04:03','1980-08-18 05:27:42'),(12,'delectus','1979-01-10 07:49:39','1999-04-22 17:07:20'),(13,'soluta','1979-04-04 16:27:53','2010-09-16 08:39:11'),(14,'magni','1973-06-07 15:36:13','2012-06-23 23:01:15'),(15,'ut','2020-07-31 15:57:36','1981-01-14 04:20:39'),(16,'veniam','1998-07-13 05:28:22','2017-09-14 20:33:24'),(17,'iusto','1995-12-29 18:04:07','2012-03-09 02:06:44'),(18,'quia','2014-03-26 22:15:42','1999-08-01 17:00:49'),(19,'voluptates','2004-08-11 09:45:40','2011-06-02 11:58:01'),(20,'optio','1979-03-05 12:48:40','2006-10-19 22:43:25'),(21,'magnam','2007-10-16 15:00:20','1999-08-24 00:34:07'),(22,'et','1979-01-07 22:31:40','1990-01-25 12:32:18'),(23,'officiis','2000-07-24 12:45:50','2014-01-22 05:04:53'),(24,'pariatur','2005-02-23 07:24:51','1988-02-25 11:49:44'),(25,'ut','1983-12-25 18:58:59','1982-12-27 21:58:22'),(26,'quia','2015-07-29 18:15:02','2013-11-22 01:49:16'),(27,'sit','2010-05-12 02:17:56','1987-01-26 04:12:59'),(28,'iste','2016-04-26 12:40:58','1970-08-24 10:09:05'),(29,'sed','1993-06-07 22:18:04','1994-04-09 12:01:03'),(30,'tempora','2012-07-26 10:58:00','2003-06-24 16:40:50'),(31,'error','2014-05-20 03:49:42','2001-11-28 10:38:20'),(32,'quis','1975-11-28 15:56:05','1999-07-17 03:05:29'),(33,'rerum','1981-12-26 06:42:57','2020-11-23 01:59:03'),(34,'in','2020-02-07 18:04:15','2014-04-21 23:56:13'),(35,'odit','2017-06-23 06:49:01','2015-06-12 03:19:13'),(36,'cumque','1991-08-07 23:41:21','2010-06-10 19:41:43'),(37,'sapiente','2019-12-16 15:11:03','2019-05-13 00:51:42'),(38,'dicta','1982-03-01 01:03:33','2003-03-27 11:38:36'),(39,'ipsa','2017-08-27 11:07:21','1971-07-27 13:05:22'),(40,'illo','2014-12-19 09:59:25','1994-11-12 15:09:06'),(41,'dolorem','1998-07-31 22:39:40','2013-04-09 07:37:15'),(42,'consequatur','1991-10-12 09:32:28','1974-02-02 11:40:13'),(43,'sed','2002-12-01 22:47:11','1987-09-01 07:11:18'),(44,'minus','1987-02-12 14:25:28','2015-04-12 13:20:12'),(45,'aliquam','1977-05-02 11:53:35','1973-09-13 12:45:14'),(46,'earum','1980-05-12 07:29:36','1996-08-20 23:26:57'),(47,'recusandae','1999-04-13 23:34:33','2006-05-02 12:13:41'),(48,'ut','1971-07-20 04:13:33','1996-07-20 03:40:45'),(49,'consequatur','1979-02-26 10:13:24','1996-08-02 13:38:44'),(50,'ut','2010-10-24 01:10:40','2018-12-31 18:50:41'),(51,'libero','2007-06-17 03:05:47','1995-07-08 05:29:13'),(52,'deleniti','2008-02-15 23:04:38','2006-05-07 18:54:49'),(53,'reprehenderit','1999-07-18 00:07:45','1973-08-09 05:58:00'),(54,'qui','1989-04-26 17:53:36','2000-01-26 22:24:57'),(55,'sit','2013-08-08 19:36:46','2014-05-10 20:13:24'),(56,'qui','1990-09-22 11:50:03','1972-04-14 22:30:50'),(57,'fugiat','1970-07-31 22:44:36','2017-07-19 14:36:26'),(58,'omnis','2015-07-20 10:08:51','1971-06-14 03:00:43'),(59,'rerum','1986-01-10 20:37:24','2015-07-07 12:44:04'),(60,'et','2001-06-03 12:02:51','1989-10-23 13:01:39'),(61,'nam','1981-02-07 04:15:13','1996-02-14 20:47:54'),(62,'et','2019-07-23 04:48:17','2008-09-05 22:07:00'),(63,'sed','1990-11-12 19:22:16','1989-04-20 15:11:25'),(64,'voluptate','1998-05-24 01:18:12','1998-12-28 15:40:30'),(65,'quos','2012-02-19 13:04:43','2005-02-11 03:56:07'),(66,'ea','1989-07-24 00:58:28','1984-01-09 17:58:40'),(67,'ut','1978-07-01 20:59:39','2016-12-22 23:56:40'),(68,'minus','2009-12-30 14:57:25','1987-10-15 05:54:42'),(69,'doloremque','2019-01-11 10:21:34','1987-12-15 12:59:25'),(70,'non','1977-08-24 03:33:09','2003-12-22 15:08:23'),(71,'illo','1984-05-06 01:35:26','1998-03-11 00:39:23'),(72,'eligendi','2007-10-19 11:59:23','2018-01-03 08:20:34'),(73,'exercitationem','1977-09-29 18:07:11','2013-03-24 17:05:33'),(74,'labore','1990-11-23 10:07:53','1995-08-03 12:49:10'),(75,'nesciunt','1993-10-18 13:33:26','2001-02-04 17:49:15'),(76,'temporibus','2010-01-02 06:41:52','1981-07-07 20:18:26'),(77,'eveniet','2013-01-21 12:12:26','2006-12-11 12:44:08'),(78,'suscipit','2009-09-20 12:07:53','2000-10-05 14:41:57'),(79,'rerum','1997-09-03 00:45:03','2001-08-18 12:36:29'),(80,'aut','2002-05-21 07:54:27','1981-01-21 11:55:04'),(81,'aliquid','2008-12-15 09:11:59','1974-06-18 11:24:23'),(82,'et','1990-01-12 04:45:51','2017-01-26 10:27:52'),(83,'natus','1970-10-01 03:17:39','2015-09-05 00:04:03'),(84,'ex','1978-04-08 05:57:51','1997-07-12 03:56:21'),(85,'molestiae','2009-07-03 13:08:43','1973-09-03 08:29:59'),(86,'sit','2002-04-18 14:10:05','1999-07-24 16:43:44'),(87,'reprehenderit','1996-07-29 18:21:31','2003-05-13 22:17:07'),(88,'et','1999-11-24 07:54:08','2001-03-14 12:09:03'),(89,'natus','2003-01-16 05:17:49','1982-03-28 01:22:46'),(90,'omnis','2012-08-03 23:03:01','1993-12-10 06:51:33'),(91,'corrupti','2009-06-16 11:10:33','1991-01-19 20:32:13'),(92,'dignissimos','2016-10-31 02:19:55','2003-04-01 21:08:37'),(93,'delectus','1982-02-07 12:19:35','2016-10-21 10:29:28'),(94,'in','2003-06-05 11:45:03','2015-10-06 09:05:56'),(95,'maxime','2012-02-15 23:11:01','2001-03-08 04:21:16'),(96,'ipsa','1995-06-14 05:53:42','1973-12-16 17:52:30'),(97,'nesciunt','1998-09-15 16:21:54','1977-06-02 22:29:11'),(98,'nihil','2007-09-12 07:36:34','1972-03-28 00:24:32'),(99,'nemo','2014-10-29 18:36:55','1970-05-15 09:17:32'),(100,'autem','2000-09-07 19:48:39','2014-10-04 09:23:49');
/*!40000 ALTER TABLE `media_types` ENABLE KEYS */;
UNLOCK TABLES;

--
-- Table structure for table `messages`
--

DROP TABLE IF EXISTS `messages`;
/*!40101 SET @saved_cs_client     = @@character_set_client */;
/*!40101 SET character_set_client = utf8 */;
CREATE TABLE `messages` (
  `id` bigint(20) unsigned NOT NULL AUTO_INCREMENT,
  `from_user_id` bigint(20) unsigned NOT NULL,
  `to_user_id` bigint(20) unsigned NOT NULL,
  `body` text COLLATE utf8mb4_unicode_ci DEFAULT NULL,
  `created_at` datetime DEFAULT current_timestamp(),
  PRIMARY KEY (`id`),
  KEY `from_user_id` (`from_user_id`),
  KEY `to_user_id` (`to_user_id`),
  CONSTRAINT `messages_ibfk_1` FOREIGN KEY (`from_user_id`) REFERENCES `users` (`id`) ON DELETE CASCADE ON UPDATE CASCADE,
  CONSTRAINT `messages_ibfk_2` FOREIGN KEY (`to_user_id`) REFERENCES `users` (`id`) ON DELETE CASCADE ON UPDATE CASCADE
) ENGINE=InnoDB AUTO_INCREMENT=101 DEFAULT CHARSET=utf8mb4 COLLATE=utf8mb4_unicode_ci;
/*!40101 SET character_set_client = @saved_cs_client */;

--
-- Dumping data for table `messages`
--

LOCK TABLES `messages` WRITE;
/*!40000 ALTER TABLE `messages` DISABLE KEYS */;
INSERT INTO `messages` VALUES (1,1,1,'Aut unde aliquid pariatur similique minima eligendi. Tenetur et necessitatibus ipsum corporis dolorem aut. Ea temporibus inventore molestiae nam nihil ipsa.','1985-01-13 13:19:46'),(2,2,2,'Porro minima sit odit molestiae omnis repellendus non. Nihil nam voluptas inventore magnam. Est veniam ad ullam. Sunt commodi sequi necessitatibus nesciunt vitae.','1991-09-05 18:07:18'),(3,3,3,'Molestias quis mollitia dolorem ut. Officia voluptas qui voluptatem aliquam.','1986-12-12 05:18:09'),(4,4,4,'Facere quisquam natus ipsa suscipit illum sit. Qui qui porro optio. Magnam voluptatibus dignissimos aliquam temporibus neque inventore eum in.','2015-10-23 00:48:52'),(5,5,5,'Mollitia aspernatur amet et sed nobis et. Omnis voluptatem exercitationem ut aut cumque natus eum. Natus in mollitia ipsa iure temporibus maxime sed.','2019-08-13 08:35:47'),(6,6,6,'Commodi suscipit adipisci ut blanditiis unde quidem nam. Eos reiciendis facere magni ullam rerum. Reiciendis harum et tempore. Optio tempore temporibus esse ut minus et sit.','2002-05-01 00:29:51'),(7,7,7,'Magni odio magni consequatur quia. Earum inventore sint facilis quos quis laudantium et. Officiis ratione aut accusamus doloremque aut reiciendis excepturi.','1981-12-24 21:37:30'),(8,8,8,'Tempore maxime praesentium amet tenetur blanditiis. Voluptas quo qui corporis. Aliquid aut ab inventore asperiores error aut commodi. Earum excepturi officiis natus animi quisquam eveniet ex porro.','2017-12-26 20:21:44'),(9,9,9,'Aut pariatur aut omnis modi et ut qui voluptatibus. Unde et vero voluptatibus non et asperiores. Tempore suscipit aliquid accusamus modi quia sint. Culpa assumenda beatae iste et laborum ea.','2019-09-16 20:35:04'),(10,10,10,'Eveniet voluptas est nisi similique sed et. Dolor dolor sint et fugiat. Blanditiis consectetur aut vitae nihil qui omnis.','2007-04-25 17:49:29'),(11,11,11,'Unde reprehenderit ut ut perspiciatis ea numquam molestiae ex. Maxime commodi laborum dolores rem quia ut. Unde ut quisquam quidem quis aperiam atque cupiditate quo. Id architecto saepe est provident numquam ut.','2006-06-28 22:42:09'),(12,12,12,'Officia enim alias eaque enim perspiciatis distinctio totam. Vitae officia cumque iure ipsa eos aut.','1970-12-19 12:09:36'),(13,13,13,'Repellat perspiciatis quas illo reiciendis sed. Aut consequatur omnis nostrum unde commodi. Repudiandae alias cupiditate vel.','1973-05-10 20:01:10'),(14,14,14,'Quia nihil earum enim eveniet iusto aut consequuntur. Molestiae autem et error eveniet maiores voluptatibus et. Et minus dolorum id nulla accusamus aut quaerat blanditiis.','1983-04-21 04:33:40'),(15,15,15,'Delectus beatae commodi corrupti tenetur consequuntur et id. Dolores voluptatem quia blanditiis sed alias velit. Beatae odit consequatur soluta ut eligendi sequi. Voluptatem aut ipsa dolorum vel nobis est recusandae.','2016-10-27 04:12:31'),(16,16,16,'Ratione facilis velit suscipit non distinctio. Debitis quo iusto occaecati consequatur eveniet. Nostrum delectus consequatur quod.','2012-05-20 14:45:08'),(17,17,17,'Aperiam a dolores aut voluptatem ipsam aut. Officia iure libero inventore ut autem. Qui ullam doloremque in vitae suscipit quaerat. Repellendus quisquam aut atque eos. Sapiente sed facilis laudantium voluptatem.','2012-03-24 18:59:38'),(18,18,18,'Sit totam est in quibusdam. Accusantium officia maxime velit quia voluptatem animi omnis corrupti. Id totam consequuntur in et error. Ratione esse voluptatibus exercitationem eos consequuntur assumenda.','2008-03-11 19:50:17'),(19,19,19,'Veritatis at saepe voluptas. Qui eaque molestias eos odio voluptatem. Ratione iusto ducimus reiciendis ipsam deserunt perspiciatis. Optio blanditiis commodi mollitia ducimus.','1996-01-21 05:02:39'),(20,20,20,'Iure natus non excepturi quisquam voluptatem numquam nemo. Fugit dolores quod dolorum voluptatem omnis. Aut consequatur voluptates molestiae. Corrupti reprehenderit placeat rerum possimus explicabo et.','2000-02-03 13:58:44'),(21,21,21,'Aliquam quidem incidunt in dolores. Doloribus nostrum omnis maxime laboriosam dignissimos dolorum aut. Exercitationem fuga eveniet optio rerum ut.','1973-02-03 19:21:37'),(22,22,22,'Sit veniam laborum laudantium. Sapiente enim minus libero iusto ipsa aut est. Impedit alias quae architecto rerum ipsa. Ipsa exercitationem ut voluptate et.','1995-01-13 16:44:29'),(23,23,23,'Necessitatibus accusantium sit recusandae amet omnis. Et veniam magni molestiae libero aut enim nisi voluptate. Quisquam sint aliquam quae. Est laboriosam consectetur ratione iusto qui.','2008-08-26 15:29:20'),(24,24,24,'Praesentium rerum impedit et tempore beatae. Sapiente non consectetur assumenda saepe vel commodi dignissimos. Autem non consectetur quas enim non eveniet.','2013-11-09 01:37:18'),(25,25,25,'Esse dignissimos impedit labore. Labore quis error itaque quis esse ut. Unde dolores eos sit minima sit at eligendi. Placeat molestias eos dolorem sequi voluptates tempora.','2013-11-15 19:26:47'),(26,26,26,'Autem facilis aut odio autem. Atque atque qui tempora ea. Voluptas modi autem et aliquid voluptatem omnis.','2013-01-05 03:16:31'),(27,27,27,'Ea quae incidunt sit dolorum. Cum vel non dolor sequi pariatur. Alias quia at magni enim est qui. Aut error nihil rerum id.','2001-04-14 07:44:22'),(28,28,28,'Debitis molestias ea vel rerum qui porro eveniet. Amet non sint minima repudiandae. Consequatur vel voluptas est omnis. Optio et voluptatibus consequatur ratione doloremque.','1973-12-25 14:05:46'),(29,29,29,'Sed et enim eum esse. Exercitationem consequatur natus quaerat excepturi. Culpa veniam quo sint in quae incidunt. Fugit et excepturi ut quia ratione illo possimus.','2009-02-11 17:36:12'),(30,30,30,'Exercitationem qui quidem doloribus quia omnis neque. Praesentium voluptatem dolorem aut ut quidem nulla. Aut et pariatur eaque et consequatur natus.','1975-12-07 20:04:16'),(31,31,31,'Hic ipsam laudantium ut alias amet unde autem. Labore inventore nostrum fugit. Officiis nostrum labore id temporibus ut voluptatum. Tempora quod beatae illo et qui ut quas.','1980-04-29 17:29:36'),(32,32,32,'Est temporibus beatae tempore aut itaque provident. Eos earum quo quia. Deserunt et doloribus dolorem non libero quo. Dolore voluptatem autem est quos ea voluptatibus voluptatem voluptatibus.','1977-07-07 17:48:36'),(33,33,33,'Minus soluta in architecto neque nobis maiores. Et fugit asperiores et tempore velit. Est neque deleniti illo earum ut.','2017-04-19 02:05:00'),(34,34,34,'Perferendis atque quo vel. Occaecati ratione fuga consequatur quaerat. Tempora qui sit porro repellendus voluptatum omnis suscipit.','2010-09-19 05:23:30'),(35,35,35,'Qui molestias sit architecto soluta voluptatem ducimus. Quasi deleniti ullam iusto itaque. Aut delectus minus reiciendis ut.','2005-09-29 08:03:06'),(36,36,36,'Rerum nesciunt qui et molestiae sed veniam consectetur. Possimus molestias voluptas illo iure harum explicabo quibusdam. Sint ea dolore qui id beatae laboriosam assumenda.','2005-10-14 20:41:56'),(37,37,37,'Quis non veritatis molestias facilis error odio. Suscipit odio et deleniti accusantium. Inventore in iure rerum et est.','1982-09-23 22:19:28'),(38,38,38,'Corrupti enim ipsam beatae distinctio. Quia dolores ullam qui aut minima. Quae est ut voluptatem tenetur labore natus veritatis.','2005-10-21 02:07:39'),(39,39,39,'Omnis adipisci voluptatem aut eius enim et cupiditate est. Voluptas illo ut eum. Repellat est impedit labore itaque illo natus facilis.','1974-06-16 05:08:14'),(40,40,40,'Ut labore et assumenda provident voluptatem quod. Nostrum omnis deserunt laudantium quis similique amet. Eligendi velit iusto ducimus vitae. Sit hic est aliquid.','1970-05-07 22:37:17'),(41,41,41,'Sit sint asperiores recusandae dolores dolorem. Sapiente quaerat dolorum quia at.','1990-10-07 22:39:17'),(42,42,42,'Repellendus tempora quis delectus consectetur. Accusamus ducimus est libero pariatur.','2019-07-16 19:58:22'),(43,43,43,'Deleniti aliquid incidunt dolorem asperiores quae natus. Sunt exercitationem vero praesentium officia quo. Vitae omnis qui explicabo. Doloremque et modi facere nesciunt exercitationem.','1987-04-21 19:24:15'),(44,44,44,'Aut tenetur ea ea cum eius occaecati totam laboriosam. Qui qui blanditiis reiciendis. Placeat qui explicabo aliquam hic.','1998-05-02 19:00:39'),(45,45,45,'Culpa totam nemo eos quaerat. Odio nesciunt laudantium qui ullam molestias nam ducimus. Quia soluta perferendis ullam aut quia ullam.','1976-07-08 10:43:44'),(46,46,46,'Quo maiores soluta consequuntur rerum repellendus possimus modi. Tempora animi aut earum sit est quibusdam. Asperiores quod ullam rerum ut sit quos. Qui sed voluptas voluptatem et quia et.','1988-10-07 21:36:34'),(47,47,47,'Quo nulla non eum a quisquam saepe dolorem. Omnis ut doloremque distinctio aut aliquid facere magni.','2010-08-02 01:44:57'),(48,48,48,'At cupiditate quia voluptatem et. Ab cumque minus similique nobis tenetur tempora. Nihil aut voluptates in consequatur. Omnis dolores ipsum vitae omnis omnis.','1992-11-11 11:30:37'),(49,49,49,'Saepe impedit natus eos corporis rerum aut molestiae. Autem magnam dolore et nisi aspernatur consequatur incidunt. Id laboriosam officia ut deleniti nemo. Sint illo reiciendis necessitatibus.','1979-08-08 06:38:12'),(50,50,50,'Fugit rerum voluptatem debitis totam vero illum. Omnis cum odit explicabo ratione. Error dicta aspernatur delectus eos quod. Dolorum et tempore autem.','2000-05-11 10:30:08'),(51,51,51,'Rem non ab rerum. Est alias laudantium explicabo. Rerum nobis facilis totam recusandae maiores.','2009-09-07 16:27:18'),(52,52,52,'At commodi sed aliquid illum ut. Eos autem et incidunt quia labore voluptatem saepe. Praesentium laborum est velit voluptatem.','1982-09-08 02:17:38'),(53,53,53,'Culpa porro quidem quidem inventore sapiente. Minus maxime ut adipisci.','2006-08-30 19:23:12'),(54,54,54,'Optio voluptatem veniam quia dolorem. Quaerat eos ab in ducimus.','1997-01-08 08:45:56'),(55,55,55,'Omnis deleniti voluptas vero. Minima porro deserunt dolorum mollitia. At reiciendis perferendis atque quis magnam. Aut adipisci aliquam sint deleniti accusamus ipsum et.','2009-09-01 23:16:49'),(56,56,56,'Quia consequuntur pariatur eum excepturi sint. Rem velit atque sunt non. Et laboriosam et earum. Cum reiciendis quas mollitia hic.','1983-08-18 23:09:51'),(57,57,57,'Sunt et ad et dignissimos cupiditate et. Sint alias molestias aut. Minima sint qui ducimus nihil.','2017-02-20 02:55:25'),(58,58,58,'Consequatur facere distinctio tempore perspiciatis. Hic excepturi qui molestias pariatur. Aut commodi libero qui non ad consequatur.','1999-01-29 06:16:39'),(59,59,59,'A recusandae doloremque quas saepe. Itaque dolore et harum officia quaerat. Qui odio ut porro suscipit sed et.','2009-09-07 02:03:41'),(60,60,60,'Error molestiae ipsa maiores provident ex explicabo quo. Vitae accusamus voluptatibus inventore eos molestiae dolorum sit. Reiciendis autem itaque in modi. Molestias necessitatibus animi rerum culpa.','2005-06-06 06:08:08'),(61,61,61,'Deserunt doloribus enim illo consequatur a exercitationem. Et ipsa nulla distinctio eveniet sit laudantium. Et excepturi at consequatur dolor repudiandae dolorum voluptate. Deserunt modi dolor beatae voluptatibus.','2006-08-30 11:18:00'),(62,62,62,'Consequuntur sed voluptatem at provident. At alias dolor qui sint molestias ab iure temporibus. Eius voluptatem eaque eum ratione veniam qui.','2004-12-10 17:03:23'),(63,63,63,'Fuga quas sed assumenda eos est molestiae. Doloribus ut et cum nemo. Sint accusamus eius et dignissimos sapiente possimus. Alias fugiat quis cumque quia.','1994-07-21 17:49:27'),(64,64,64,'Odit quas sed temporibus quam. Sed quis quibusdam numquam nobis perferendis ut quod. Earum quibusdam rem iure perferendis.','1989-12-09 08:13:27'),(65,65,65,'Delectus placeat non rerum cupiditate. Necessitatibus sit et atque harum rerum. Qui non enim ex. Dicta quia vitae totam rem. Commodi optio recusandae vitae ut et.','2012-01-30 12:11:03'),(66,66,66,'Sequi dolorum sunt alias est repellendus dolor. Illum non et quia reiciendis rerum. Cumque est est enim sint rem aut doloremque a. Consequatur reprehenderit magni ut recusandae quia.','2017-02-08 18:50:33'),(67,67,67,'Qui exercitationem sed vel voluptatum consequuntur. Sit perferendis consectetur voluptatem hic quisquam quos. Cumque harum voluptatum et aperiam.','1994-05-31 02:38:33'),(68,68,68,'Quisquam exercitationem excepturi quo esse aut inventore. Dolores cum impedit commodi blanditiis. Voluptatem corrupti tempora voluptatem distinctio. Nihil necessitatibus illum ex occaecati ex officiis dolore.','1997-10-15 00:35:37'),(69,69,69,'Laboriosam ad praesentium animi dolorem voluptatem error cum. Incidunt nulla quidem doloribus laudantium doloribus et. Qui tenetur eaque exercitationem. Incidunt modi odit dolorem eius sit porro eveniet.','2014-07-18 00:24:08'),(70,70,70,'Vitae nostrum ut omnis sequi eaque neque eos. Cumque qui magni quam ab. Deserunt hic ut aut nesciunt quis. Cum sit dolorem accusamus odio.','1999-02-03 16:03:26'),(71,71,71,'Et recusandae commodi quam quis magni corrupti excepturi. Ea quisquam voluptate voluptatem quas quis nulla enim ad. Est dolor sed vel id.','2006-06-04 20:16:49'),(72,72,72,'Vero facere ut sunt rerum. Sapiente totam harum et omnis enim id excepturi reiciendis. Laborum veritatis temporibus nam harum a et veritatis.','1975-04-24 21:57:02'),(73,73,73,'Voluptate non provident illo ducimus. Ab nemo itaque qui nihil molestiae ducimus animi. Similique architecto aliquam et aut ut.','2005-10-02 17:57:44'),(74,74,74,'Incidunt vel perferendis soluta maiores qui fuga. Exercitationem atque voluptatem distinctio non et commodi vero asperiores. Rem maiores voluptatem non aut vero commodi. Exercitationem et est corporis quidem ea ut similique.','2012-09-17 01:47:33'),(75,75,75,'Nemo quaerat illum temporibus distinctio blanditiis eaque. Qui aut recusandae sequi et quis maxime enim et. Est quis dolorem quod animi voluptas. Doloribus eum a eaque quibusdam provident occaecati.','1980-06-13 19:18:52'),(76,76,76,'Consectetur sed libero nostrum. Temporibus ut quas voluptatem qui optio dolorem ea. Quam nihil eius ut maiores rerum asperiores aperiam omnis. Voluptatem quis ducimus eos.','1999-12-15 23:11:57'),(77,77,77,'Consequatur porro beatae atque non. Aperiam voluptatem inventore possimus fugiat numquam quibusdam molestiae. Modi itaque laudantium amet ullam nesciunt.','1990-03-30 16:53:51'),(78,78,78,'Quasi illo a harum ipsa non iste. Dolores omnis odit est voluptas unde. Eligendi porro alias mollitia modi voluptates fugiat in. Natus ut autem voluptatem autem.','1974-11-10 15:10:10'),(79,79,79,'Et velit sapiente perferendis ullam. Illum consequatur enim et magni. Et a quisquam ea quidem ut sed delectus.','2019-09-20 12:21:21'),(80,80,80,'Qui in sapiente error totam qui veniam est. Harum vitae qui aperiam. Quasi nostrum aut voluptates occaecati id harum. Quia doloremque quidem alias assumenda eligendi quod vero.','2020-08-31 02:17:07'),(81,81,81,'Nihil esse enim totam aut sed voluptates veniam laudantium. Labore optio tempora iusto vel aut. Et dolor nobis ullam reprehenderit odit qui ut.','1989-05-16 05:14:38'),(82,82,82,'Sint nihil repellendus qui qui expedita dolores aliquam. Eos provident nulla veniam odio culpa. Provident iure molestiae blanditiis facere.','2006-11-15 03:16:42'),(83,83,83,'Ullam et quisquam vitae tenetur quas id. Aut ut reiciendis adipisci sit quaerat nam. Qui voluptas saepe quaerat sed eligendi accusantium.','1978-11-15 23:40:57'),(84,84,84,'Aut dolor voluptas deleniti. Expedita voluptatem nobis et. Quibusdam eum magnam nisi.','2013-03-13 22:20:02'),(85,85,85,'Perspiciatis ullam porro nulla atque eum velit. Voluptate et tempore aperiam voluptatem numquam. Ut qui et in cumque corrupti explicabo.','1997-08-13 11:38:15'),(86,86,86,'Illo corrupti fugit ratione cumque. Adipisci repellat sed asperiores amet eum. Iure soluta esse laborum aut delectus voluptas nihil sit. Ut nostrum tempore nesciunt enim ducimus ut et.','1986-05-12 10:10:08'),(87,87,87,'Quo velit architecto unde. Velit ut cumque minima ea ut et. Assumenda aspernatur architecto totam ut. Dolore reprehenderit sint voluptatum labore quos nesciunt cupiditate.','2000-06-22 07:18:45'),(88,88,88,'Voluptatem sed ut magnam consequuntur voluptates. Et cupiditate optio neque inventore. Praesentium provident amet aperiam earum dolor libero quidem adipisci.','1974-04-02 17:48:42'),(89,89,89,'Iusto eum odio quisquam odio similique quis quaerat suscipit. Dolor rerum expedita id natus. Non quo minima sunt sunt accusamus animi. Porro delectus ut sint eos eos quia nobis.','1993-06-06 07:42:47'),(90,90,90,'Sit amet quia facere sapiente. Magnam aperiam tempore vel amet sed eos. Maiores assumenda a corporis doloribus.','1995-09-11 01:06:25'),(91,91,91,'Quo dolores perspiciatis iste consequatur. Eaque sit illum esse voluptas aut. Repudiandae adipisci at quo occaecati. Nisi totam maxime necessitatibus iure aut qui veniam.','1979-05-25 18:05:32'),(92,92,92,'Sit facilis aut accusantium corporis labore et perferendis aut. Porro velit impedit aut eligendi. Aliquam nesciunt possimus illum et voluptatem quia. Quod modi quia non repellendus.','1989-04-26 17:35:22'),(93,93,93,'Dolores rem ut omnis veritatis error rerum maiores alias. Blanditiis deleniti eaque id id. Expedita qui possimus unde et fuga magnam.','1990-02-15 16:50:34'),(94,94,94,'Assumenda quaerat et itaque qui. Est quo dolorem molestiae quidem alias nesciunt similique. Excepturi quidem aut debitis quos autem.','2005-07-18 22:47:17'),(95,95,95,'Facilis sint et nesciunt soluta dolorem possimus consequatur. Iure odit delectus sequi. Recusandae minima cumque praesentium dignissimos quia autem repellat.','1971-07-07 19:03:10'),(96,96,96,'Qui quia molestias architecto culpa et beatae ab. Tempore nobis incidunt explicabo voluptatem minus voluptatum vero harum. Numquam iure et alias hic sit in et.','2017-08-13 23:38:05'),(97,97,97,'Id consequatur qui quo eos dolorem qui sint. Numquam dolorum et et quia. Qui commodi excepturi inventore aut at aut. Magni ducimus illum perspiciatis sed dicta. Molestiae ut et omnis perferendis a eum.','1980-12-02 21:11:50'),(98,98,98,'Consequuntur optio quia dignissimos id ut rerum. Accusantium nemo voluptates incidunt. Vitae deleniti sunt quo veniam officia et. Quis eveniet quia quo necessitatibus nam ab iusto ut.','2013-09-06 15:01:57'),(99,99,99,'Voluptatibus esse illo quisquam. Rerum sequi quos unde ut beatae. Quia consequatur et suscipit minus mollitia et nihil. Accusantium culpa amet vitae id. Doloremque reiciendis ab assumenda commodi sit dolor ducimus.','1973-12-08 16:36:19'),(100,100,100,'Nostrum reiciendis nostrum quidem iusto saepe non ratione sint. Nulla quo sapiente quia. Enim et impedit accusantium non temporibus hic. Laborum quia reiciendis voluptas soluta quibusdam voluptatem facere.','2002-02-10 13:26:11');
/*!40000 ALTER TABLE `messages` ENABLE KEYS */;
UNLOCK TABLES;

--
-- Table structure for table `photo_albums`
--

DROP TABLE IF EXISTS `photo_albums`;
/*!40101 SET @saved_cs_client     = @@character_set_client */;
/*!40101 SET character_set_client = utf8 */;
CREATE TABLE `photo_albums` (
  `id` bigint(20) unsigned NOT NULL AUTO_INCREMENT,
  `name` varchar(255) COLLATE utf8mb4_unicode_ci DEFAULT NULL,
  `user_id` bigint(20) unsigned DEFAULT NULL,
  PRIMARY KEY (`id`),
  UNIQUE KEY `id` (`id`),
  KEY `user_id` (`user_id`),
  CONSTRAINT `photo_albums_ibfk_1` FOREIGN KEY (`user_id`) REFERENCES `users` (`id`) ON DELETE SET NULL ON UPDATE CASCADE
) ENGINE=InnoDB AUTO_INCREMENT=101 DEFAULT CHARSET=utf8mb4 COLLATE=utf8mb4_unicode_ci;
/*!40101 SET character_set_client = @saved_cs_client */;

--
-- Dumping data for table `photo_albums`
--

LOCK TABLES `photo_albums` WRITE;
/*!40000 ALTER TABLE `photo_albums` DISABLE KEYS */;
INSERT INTO `photo_albums` VALUES (1,'numquam',1),(2,'esse',2),(3,'omnis',3),(4,'deserunt',4),(5,'placeat',5),(6,'beatae',6),(7,'minus',7),(8,'vel',8),(9,'doloremque',9),(10,'optio',10),(11,'tenetur',11),(12,'fugit',12),(13,'at',13),(14,'adipisci',14),(15,'et',15),(16,'omnis',16),(17,'aspernatur',17),(18,'sint',18),(19,'laborum',19),(20,'error',20),(21,'sint',21),(22,'vitae',22),(23,'minus',23),(24,'fugiat',24),(25,'sunt',25),(26,'qui',26),(27,'minus',27),(28,'ut',28),(29,'reiciendis',29),(30,'labore',30),(31,'aut',31),(32,'architecto',32),(33,'repudiandae',33),(34,'est',34),(35,'tempora',35),(36,'a',36),(37,'ducimus',37),(38,'eos',38),(39,'et',39),(40,'ipsam',40),(41,'dolores',41),(42,'tempore',42),(43,'consequatur',43),(44,'et',44),(45,'quia',45),(46,'quo',46),(47,'est',47),(48,'saepe',48),(49,'est',49),(50,'impedit',50),(51,'quam',51),(52,'sed',52),(53,'ut',53),(54,'est',54),(55,'quos',55),(56,'voluptates',56),(57,'voluptates',57),(58,'voluptatibus',58),(59,'est',59),(60,'temporibus',60),(61,'hic',61),(62,'excepturi',62),(63,'laborum',63),(64,'saepe',64),(65,'sunt',65),(66,'necessitatibus',66),(67,'eos',67),(68,'dolores',68),(69,'beatae',69),(70,'qui',70),(71,'minus',71),(72,'iure',72),(73,'et',73),(74,'tempora',74),(75,'dolor',75),(76,'rerum',76),(77,'aliquam',77),(78,'nesciunt',78),(79,'nobis',79),(80,'animi',80),(81,'occaecati',81),(82,'facere',82),(83,'est',83),(84,'aut',84),(85,'ut',85),(86,'consequuntur',86),(87,'repellat',87),(88,'iste',88),(89,'est',89),(90,'quo',90),(91,'culpa',91),(92,'placeat',92),(93,'id',93),(94,'deleniti',94),(95,'et',95),(96,'minus',96),(97,'ab',97),(98,'aut',98),(99,'quae',99),(100,'rerum',100);
/*!40000 ALTER TABLE `photo_albums` ENABLE KEYS */;
UNLOCK TABLES;

--
-- Table structure for table `photos`
--

DROP TABLE IF EXISTS `photos`;
/*!40101 SET @saved_cs_client     = @@character_set_client */;
/*!40101 SET character_set_client = utf8 */;
CREATE TABLE `photos` (
  `id` bigint(20) unsigned NOT NULL AUTO_INCREMENT,
  `album_id` bigint(20) unsigned NOT NULL,
  `media_id` bigint(20) unsigned NOT NULL,
  PRIMARY KEY (`id`),
  KEY `album_id` (`album_id`),
  KEY `media_id` (`media_id`),
  CONSTRAINT `photos_ibfk_1` FOREIGN KEY (`album_id`) REFERENCES `photo_albums` (`id`) ON DELETE CASCADE ON UPDATE CASCADE,
  CONSTRAINT `photos_ibfk_2` FOREIGN KEY (`media_id`) REFERENCES `media` (`id`) ON DELETE CASCADE ON UPDATE CASCADE
) ENGINE=InnoDB AUTO_INCREMENT=101 DEFAULT CHARSET=utf8mb4 COLLATE=utf8mb4_unicode_ci;
/*!40101 SET character_set_client = @saved_cs_client */;

--
-- Dumping data for table `photos`
--

LOCK TABLES `photos` WRITE;
/*!40000 ALTER TABLE `photos` DISABLE KEYS */;
INSERT INTO `photos` VALUES (1,1,1),(2,2,2),(3,3,3),(4,4,4),(5,5,5),(6,6,6),(7,7,7),(8,8,8),(9,9,9),(10,10,10),(11,11,11),(12,12,12),(13,13,13),(14,14,14),(15,15,15),(16,16,16),(17,17,17),(18,18,18),(19,19,19),(20,20,20),(21,21,21),(22,22,22),(23,23,23),(24,24,24),(25,25,25),(26,26,26),(27,27,27),(28,28,28),(29,29,29),(30,30,30),(31,31,31),(32,32,32),(33,33,33),(34,34,34),(35,35,35),(36,36,36),(37,37,37),(38,38,38),(39,39,39),(40,40,40),(41,41,41),(42,42,42),(43,43,43),(44,44,44),(45,45,45),(46,46,46),(47,47,47),(48,48,48),(49,49,49),(50,50,50),(51,51,51),(52,52,52),(53,53,53),(54,54,54),(55,55,55),(56,56,56),(57,57,57),(58,58,58),(59,59,59),(60,60,60),(61,61,61),(62,62,62),(63,63,63),(64,64,64),(65,65,65),(66,66,66),(67,67,67),(68,68,68),(69,69,69),(70,70,70),(71,71,71),(72,72,72),(73,73,73),(74,74,74),(75,75,75),(76,76,76),(77,77,77),(78,78,78),(79,79,79),(80,80,80),(81,81,81),(82,82,82),(83,83,83),(84,84,84),(85,85,85),(86,86,86),(87,87,87),(88,88,88),(89,89,89),(90,90,90),(91,91,91),(92,92,92),(93,93,93),(94,94,94),(95,95,95),(96,96,96),(97,97,97),(98,98,98),(99,99,99),(100,100,100);
/*!40000 ALTER TABLE `photos` ENABLE KEYS */;
UNLOCK TABLES;

--
-- Table structure for table `profiles`
--

DROP TABLE IF EXISTS `profiles`;
/*!40101 SET @saved_cs_client     = @@character_set_client */;
/*!40101 SET character_set_client = utf8 */;
CREATE TABLE `profiles` (
  `user_id` bigint(20) unsigned NOT NULL AUTO_INCREMENT,
  `gender` char(1) COLLATE utf8mb4_unicode_ci DEFAULT NULL,
  `birthday` date DEFAULT NULL,
  `photo_id` bigint(20) unsigned DEFAULT NULL,
  `created_at` datetime DEFAULT current_timestamp(),
  `hometown` varchar(100) COLLATE utf8mb4_unicode_ci DEFAULT NULL,
  PRIMARY KEY (`user_id`),
  KEY `fk_photo_id` (`photo_id`),
  CONSTRAINT `fk_photo_id` FOREIGN KEY (`photo_id`) REFERENCES `photos` (`id`) ON DELETE SET NULL ON UPDATE CASCADE,
  CONSTRAINT `fk_user_id` FOREIGN KEY (`user_id`) REFERENCES `users` (`id`) ON DELETE CASCADE ON UPDATE CASCADE
) ENGINE=InnoDB AUTO_INCREMENT=101 DEFAULT CHARSET=utf8mb4 COLLATE=utf8mb4_unicode_ci;
/*!40101 SET character_set_client = @saved_cs_client */;

--
-- Dumping data for table `profiles`
--

LOCK TABLES `profiles` WRITE;
/*!40000 ALTER TABLE `profiles` DISABLE KEYS */;
INSERT INTO `profiles` VALUES (1,'m','2020-03-01',1,'2020-06-10 11:16:26',NULL),(2,'m','1993-02-07',2,'2014-11-20 21:14:12',NULL),(3,'f','2003-05-01',3,'2018-04-18 06:33:39',NULL),(4,'f','1994-09-24',4,'2009-10-29 07:50:56',NULL),(5,'m','1979-10-21',5,'2002-02-06 08:32:43',NULL),(6,'m','2011-07-16',6,'1979-07-03 11:53:06',NULL),(7,'m','1973-01-22',7,'2013-04-30 04:39:21',NULL),(8,'f','1984-06-01',8,'1998-03-15 01:34:17',NULL),(9,'f','1997-02-12',9,'1980-01-25 16:01:04',NULL),(10,'f','1980-12-24',10,'2005-03-25 01:10:30',NULL),(11,'f','2001-06-29',11,'1993-12-29 10:16:44',NULL),(12,'m','2000-09-30',12,'1996-05-06 16:10:14',NULL),(13,'f','2001-03-02',13,'1984-01-25 07:13:04',NULL),(14,'f','1982-09-11',14,'1998-10-08 13:24:57',NULL),(15,'m','2004-09-10',15,'1995-08-03 01:02:48',NULL),(16,'f','1994-10-23',16,'1975-08-28 20:16:29',NULL),(17,'f','1990-07-24',17,'1971-02-28 01:31:14',NULL),(18,'f','2007-10-02',18,'2003-12-10 07:22:06',NULL),(19,'f','1971-05-18',19,'1976-09-14 16:26:08',NULL),(20,'f','2006-11-26',20,'1997-11-18 21:25:39',NULL),(21,'m','1999-02-15',21,'1996-11-26 05:29:02',NULL),(22,'m','2016-04-02',22,'1976-01-02 14:44:23',NULL),(23,'f','1988-11-04',23,'2015-08-16 17:51:52',NULL),(24,'f','1993-02-23',24,'2010-09-03 11:18:43',NULL),(25,'m','2015-07-09',25,'1986-04-11 08:05:37',NULL),(26,'m','1985-01-23',26,'2002-10-22 10:11:16',NULL),(27,'m','1998-05-08',27,'1990-06-22 02:24:51',NULL),(28,'f','2018-08-03',28,'2001-12-18 00:39:09',NULL),(29,'f','1996-07-08',29,'1978-03-09 18:50:38',NULL),(30,'f','1988-06-09',30,'2008-08-14 22:40:44',NULL),(31,'m','1976-12-24',31,'2013-06-29 20:22:55',NULL),(32,'m','2007-09-05',32,'1986-04-12 06:31:01',NULL),(33,'f','2005-11-01',33,'2006-12-07 02:14:34',NULL),(34,'m','1972-11-02',34,'2015-10-15 10:12:59',NULL),(35,'m','2019-12-07',35,'1980-09-21 08:08:51',NULL),(36,'m','1970-10-26',36,'1980-08-25 23:49:49',NULL),(37,'f','1978-09-18',37,'1992-07-15 22:56:06',NULL),(38,'m','1981-09-23',38,'1982-08-16 12:45:12',NULL),(39,'m','2005-11-22',39,'1983-07-13 21:57:15',NULL),(40,'m','2012-07-07',40,'1981-05-19 17:07:53',NULL),(41,'m','1984-10-01',41,'1971-08-24 02:23:14',NULL),(42,'f','1975-10-03',42,'1993-12-05 02:22:06',NULL),(43,'f','2001-10-26',43,'2004-08-10 23:45:26',NULL),(44,'f','2019-11-05',44,'2006-01-16 12:21:05',NULL),(45,'m','2007-06-12',45,'1990-04-25 00:49:32',NULL),(46,'f','1986-04-26',46,'1970-04-13 13:03:17',NULL),(47,'m','1976-08-04',47,'2015-12-01 14:31:37',NULL),(48,'f','2020-12-03',48,'1996-10-27 16:27:49',NULL),(49,'m','2005-03-27',49,'1980-06-05 10:23:46',NULL),(50,'f','2000-04-08',50,'1970-11-07 09:53:41',NULL),(51,'m','2014-01-05',51,'1996-02-07 07:26:20',NULL),(52,'m','2016-11-22',52,'2005-10-28 05:10:53',NULL),(53,'f','2020-09-26',53,'1994-06-15 08:21:34',NULL),(54,'f','2012-01-15',54,'2000-03-10 11:16:35',NULL),(55,'f','2011-05-20',55,'1983-08-09 17:57:25',NULL),(56,'m','1993-11-09',56,'1996-05-29 08:30:08',NULL),(57,'f','1979-04-28',57,'1984-01-09 01:35:30',NULL),(58,'f','2020-01-12',58,'1981-01-04 02:53:38',NULL),(59,'m','2010-12-07',59,'1996-09-06 06:14:05',NULL),(60,'m','1991-08-11',60,'1980-06-24 09:42:53',NULL),(61,'m','1970-03-31',61,'1974-01-10 14:08:51',NULL),(62,'m','1982-12-21',62,'2006-10-14 00:36:32',NULL),(63,'m','2020-07-08',63,'1989-06-15 12:42:06',NULL),(64,'f','1991-10-21',64,'1970-02-06 00:55:07',NULL),(65,'f','1988-08-23',65,'1983-05-18 22:31:42',NULL),(66,'m','2019-08-06',66,'1974-04-15 05:46:48',NULL),(67,'m','2017-12-01',67,'1977-12-02 13:46:51',NULL),(68,'f','2017-02-23',68,'2004-11-15 01:42:49',NULL),(69,'f','2007-09-07',69,'1980-10-11 06:38:52',NULL),(70,'m','2013-08-05',70,'1985-11-02 06:21:31',NULL),(71,'f','2007-05-01',71,'1983-11-22 02:39:30',NULL),(72,'f','1991-03-22',72,'1994-12-31 23:27:47',NULL),(73,'m','2013-03-01',73,'1997-05-19 22:46:09',NULL),(74,'m','1978-05-22',74,'2000-04-16 09:49:02',NULL),(75,'f','1991-04-13',75,'2018-12-21 03:39:48',NULL),(76,'f','1971-07-15',76,'1996-05-10 15:43:19',NULL),(77,'m','1977-11-13',77,'1990-03-19 03:01:49',NULL),(78,'f','2013-11-27',78,'1974-12-03 02:03:37',NULL),(79,'f','1980-06-17',79,'2012-05-12 20:53:36',NULL),(80,'m','1976-07-01',80,'2000-03-03 21:59:29',NULL),(81,'m','1982-01-11',81,'2017-02-02 20:53:14',NULL),(82,'f','2018-01-21',82,'1971-03-12 03:33:56',NULL),(83,'m','1973-09-07',83,'2014-01-31 01:47:00',NULL),(84,'f','1978-03-05',84,'2013-10-09 08:14:26',NULL),(85,'m','1996-03-23',85,'1980-08-11 16:47:48',NULL),(86,'f','1991-10-02',86,'1986-07-11 03:28:48',NULL),(87,'m','1976-07-16',87,'2012-06-13 19:44:15',NULL),(88,'m','1980-09-11',88,'1994-05-31 21:16:48',NULL),(89,'f','2015-01-16',89,'1974-10-10 15:48:08',NULL),(90,'f','1970-07-05',90,'2014-05-31 17:00:55',NULL),(91,'m','1979-02-22',91,'1988-09-24 18:43:12',NULL),(92,'m','2012-02-04',92,'2005-04-07 19:24:37',NULL),(93,'m','2000-10-06',93,'1996-08-26 17:21:16',NULL),(94,'m','2015-01-24',94,'1996-12-16 08:48:02',NULL),(95,'f','2000-02-28',95,'2003-08-14 21:17:45',NULL),(96,'m','2000-10-07',96,'1983-05-21 10:51:05',NULL),(97,'f','2007-09-28',97,'2020-10-16 02:44:39',NULL),(98,'f','2002-04-18',98,'2011-01-20 19:11:54',NULL),(99,'m','1984-02-26',99,'2008-10-18 02:26:10',NULL),(100,'f','1976-08-27',100,'2003-01-01 16:14:50',NULL);
/*!40000 ALTER TABLE `profiles` ENABLE KEYS */;
UNLOCK TABLES;

--
-- Table structure for table `users`
--

DROP TABLE IF EXISTS `users`;
/*!40101 SET @saved_cs_client     = @@character_set_client */;
/*!40101 SET character_set_client = utf8 */;
CREATE TABLE `users` (
  `id` bigint(20) unsigned NOT NULL AUTO_INCREMENT,
  `firstname` varchar(100) COLLATE utf8mb4_unicode_ci DEFAULT NULL,
  `lastname` varchar(100) COLLATE utf8mb4_unicode_ci DEFAULT NULL COMMENT 'Фамилия',
  `email` varchar(100) COLLATE utf8mb4_unicode_ci DEFAULT NULL,
  `password_hash` varchar(100) COLLATE utf8mb4_unicode_ci DEFAULT NULL,
  `phone` bigint(20) DEFAULT NULL,
  `is_deleted` bit(1) DEFAULT b'0',
  PRIMARY KEY (`id`),
  UNIQUE KEY `email` (`email`),
  KEY `users_firstname_lastname_idx` (`firstname`,`lastname`)
) ENGINE=InnoDB AUTO_INCREMENT=101 DEFAULT CHARSET=utf8mb4 COLLATE=utf8mb4_unicode_ci;
/*!40101 SET character_set_client = @saved_cs_client */;

--
-- Dumping data for table `users`
--

LOCK TABLES `users` WRITE;
/*!40000 ALTER TABLE `users` DISABLE KEYS */;
INSERT INTO `users` VALUES (1,'Larissa','Boyer','filomena.schimmel@example.com','18155252224bc6a5198b9d0de7fd3b7c584e0be1',9544302905,'\0'),(2,'Johnny','Ryan','tdickens@example.com','ff1e7c5d4cab7f1cbfab899b76637324eeda1eb3',9129062560,'\0'),(3,'Valentina','Bradtke','gwaelchi@example.org','5027c7a2d56071ba73bfa2f02c9e3b5206792630',9403425658,''),(4,'Gardner','Fay','rickey.abernathy@example.com','22877e2cef261431f558da4d5f1d8e5785ee6b56',9845141292,''),(5,'Meaghan','Weissnat','kwillms@example.com','b854a47483868b3a0aa8fd19f48509c376f4cf35',9962202450,''),(6,'Lionel','Lehner','cortez75@example.org','bd78204e8fc93f9bbe3741ec807bd97a18b09be3',9758765791,''),(7,'Tressie','Hudson','anissa11@example.net','d60bf6568896252f83ad4dfc9e58e817e1683c3e',9325350588,'\0'),(8,'Jeramie','DuBuque','schristiansen@example.net','eeef26878e9a22518eaa47da1c57d66ec09eb30c',9322471006,''),(9,'Brook','Jakubowski','cleora26@example.org','ac0351f43dedd9af4b85aefd837d606e4a44eced',9552419523,'\0'),(10,'Derick','Blanda','ghaag@example.com','66dc4f1fd84535f3850f3fa6cf4048597fd7433a',9617633634,''),(11,'Avis','Kuphal','karlee.hickle@example.org','50ab1ea0acbb4025d010bb61cd1f50f5ada13af9',9591625538,'\0'),(12,'Cristal','Sanford','asanford@example.org','ed6bccafca398fd1322ee952deed8e18d2631760',9992335187,'\0'),(13,'Foster','Weissnat','sipes.theodora@example.com','e5a61200fc6b8525b0728b3b89a36ac67abfc953',9791497866,'\0'),(14,'Brionna','Johnson','wmorissette@example.net','aa00dce30f42e31e3a3a6c722b08ebf51197ab90',9920715708,'\0'),(15,'Aida','Mitchell','turcotte.roderick@example.com','48a1b6ed3d1e0cca182a972986618183af43c626',9622688585,'\0'),(16,'Eugene','Shanahan','mcole@example.com','499f34ef85072a26ecc2ed725ec7097dcce0503c',9168738251,'\0'),(17,'Arden','Doyle','jacey.heaney@example.net','125ba710fdf9ffce8fc14ff6a0c416f7703c9995',9648072548,''),(18,'Jackson','Brakus','tmurazik@example.net','f7d29c74ac0c06192327ae276399315895ce8305',9828889709,''),(19,'Sven','Daugherty','vince.beatty@example.org','d33b2af4ffc70429c11cebd7b2caabaaba62cf2c',9460016173,''),(20,'Stephon','Wiza','omari51@example.org','23890617c773d4cca7f628df3c068c98f1e6cea9',9526270038,'\0'),(21,'Garnet','Adams','blanca.hahn@example.org','d3d6ea934a82443a3e424bc8bac99abeaedc0b7a',9338913942,''),(22,'Kaleb','Towne','dubuque.liza@example.org','b470762439057f0287a57e739d548623241571c8',9724539694,'\0'),(23,'Albin','Stark','melany.nitzsche@example.net','7fd3590dbbcdce0a99e832cd65da8404f7b6d9f8',9686883192,'\0'),(24,'Diana','Hane','hconn@example.net','5187dcb7b8a244e13a7d3d9dcd74555cc5ea5633',9230230067,''),(25,'Jaleel','Schmitt','wlarson@example.net','eef143ee31be28f5d3f08ac00d69c57c5680c3dd',9339578976,''),(26,'Thomas','Ledner','eugene07@example.com','f64004b8abc5da0a6b2e7a761047da40d0412dd2',9702711764,''),(27,'Sierra','Greenholt','lupe78@example.com','8244a27e94282de0e43592391f91809c281f2c18',9895563846,'\0'),(28,'Taryn','Schaden','mclaughlin.jean@example.org','08449656326daf65444bfe20adc934e245a67eee',9411479667,''),(29,'Grace','Von','evangeline42@example.net','e512d79b965aa430cc50b1ff008e07948a30c2cb',9130748889,''),(30,'Diana','Torp','ecummerata@example.net','861f809cb95d2bd58ed9fdc9aaec135eba157339',9209306128,'\0'),(31,'Marshall','Steuber','judy00@example.com','6e1a794d6adcb9e47b89566b86630fff69a6dda3',9438127211,'\0'),(32,'Brandy','Windler','marcia.heller@example.com','e7b5b3c8689c87f0a6370a1a4afe72f7cc00e99c',9049638261,'\0'),(33,'Stephania','Homenick','eula94@example.net','5a28ab040bddc2319ffdc6c62138402004033e0d',9706622091,''),(34,'Tom','Koelpin','hilda.ferry@example.net','805f8d587145662bbb04b9047746964eb71cd6a2',9716987231,'\0'),(35,'Lenna','Rohan','obie09@example.org','37ff38001a1655ff9025e63df2ff78dbcb96f48f',9392728005,''),(36,'Berniece','Brown','qschuster@example.org','354490c0402c41d07491e46ea929329a93a9aeef',9924540686,''),(37,'Vivianne','Wolf','michele71@example.com','3260300560e962b68328b0791e81f869e4cfed4a',9368725994,''),(38,'Germaine','Kohler','rtowne@example.net','20d354989bfee6cdd6f91d3a36d2d66769400ee5',9032399604,''),(39,'Lisandro','Mitchell','purdy.clinton@example.com','5c1922da555377f852a743c40ccc27202ad22a08',9300866930,''),(40,'Millie','Ledner','weissnat.travis@example.net','46b89f18afba2ef70fb247d8faac15902b2ad9ba',9892628154,''),(41,'Marlin','Zboncak','evelyn.beahan@example.com','7512fdb39069e73c3268d7520245f60f48e8f9fc',9105370725,'\0'),(42,'Tate','Crist','labadie.roxane@example.org','b79aa3e34476f52945c06f78c1eaec3b7aaf9a85',9526354819,''),(43,'Ollie','Kiehn','lottie.marquardt@example.net','a43051c5a8f7ad7ff1a180368e222bc6d060e4c1',9192263115,'\0'),(44,'Herman','Effertz','chudson@example.net','44a7ba9f9db25fac0191cbe73ca89ef57512d326',9427580892,''),(45,'Yadira','Stokes','vjohnson@example.com','5b486348c2f9d7264278aa0800b38b717c3ae301',9614847570,'\0'),(46,'Dion','Harvey','dach.jamison@example.com','4cc8955573c3c7eb88c1cec7a5090d1d1acf7753',9839231047,'\0'),(47,'Deshawn','Dooley','lauriane.o\'reilly@example.com','ae45b174a0321f23df7630c4eece080af9a5650a',9232227601,'\0'),(48,'Cordell','Crist','utremblay@example.com','7cdecde4f2eb7bb0c8948be630326141dc6fbdf2',9507486493,'\0'),(49,'Raegan','Blick','orland.effertz@example.com','42be1d10f132aea473989af5bb8da12f7ce2a841',9692240361,'\0'),(50,'Tad','Graham','shaina52@example.net','226a931341450d49b80c303ab7007ef3be1b4d5d',9531506190,''),(51,'Christ','Kling','lulu.buckridge@example.org','aab3d9f034b268ce89326143fafc9aecce69eb5b',9806906769,''),(52,'Ottis','Kilback','cayla83@example.net','ebaaa783369847c3fed3d50413bb5b8a370f231d',9862672452,'\0'),(53,'Jaunita','Runolfsdottir','darlene.boehm@example.com','5a9171b9782026dd589b57b22af3970290aed5f1',9532884246,''),(54,'Sheldon','Ondricka','leffler.doyle@example.com','9ba81de3a335d7ef096cea972a1615d8bb5e35d4',9901494258,''),(55,'Davin','Berge','zane42@example.org','24598ddfe4d3e82d7de1e732c2728192dfc80d7f',9029134797,''),(56,'Uriel','Daniel','hazle.ledner@example.com','6abff4af00e0f9cd897521c6dab9b526a10c4468',9646839474,'\0'),(57,'Marian','Schiller','travis25@example.org','9c17ae3e11b02ccff1031e3277071cb7ead8f1c6',9012094489,''),(58,'Orpha','Kuhic','russel.adolphus@example.com','cc04718376b22efc7909b50b3fc433cedf2b75da',9910841072,''),(59,'Quincy','Feeney','kylie.barton@example.net','81cdcab947f16291bfaa6b2404de3d2bb4ffd244',9828067005,''),(60,'Pierre','Collier','hkirlin@example.org','62367414eb54834dec33426baba445092f137dc6',9114742251,'\0'),(61,'Nickolas','Yost','dkrajcik@example.org','67dd641ae2f0c70e25743ad36cbdbf70e4f5826b',9430393731,'\0'),(62,'Coleman','Ortiz','elyssa90@example.com','56c443dcdf80c897f9c863002d929bb211cfce51',9259566924,''),(63,'Reba','Luettgen','ignatius.gulgowski@example.com','d86535d69cca011205efa84a640f083f6d65bfbd',9751126878,''),(64,'Natalie','Erdman','layne48@example.net','9e39ea087254daad3945969bd2f9ed0dd4c3df61',9080770111,'\0'),(65,'Reva','Corkery','rgreenfelder@example.com','05860d830e5fb6ca3330b7abc659a5d9244bb1d5',9909152227,''),(66,'Leda','Hamill','toy.ansel@example.com','4bb8688b09e7269c0caa51baeef2ec018c68ddda',9392457136,'\0'),(67,'Wilmer','Cormier','cara40@example.net','6bea1991b0997d1eb753924a9c19f1bc83d193c7',9244611511,'\0'),(68,'Van','Feeney','julius.o\'keefe@example.org','9ef9b4801046bd96b7ecec5a34ed4b954e7b1a24',9680545263,'\0'),(69,'Vance','O\'Connell','lang.ellsworth@example.net','c3b0337b7a1925cee335b2af103c3b6551b2bdc2',9150746609,''),(70,'Doug','Bauch','carlee.tillman@example.com','b01c8f71e9fe669d979e884b26e4c7b1784f9b70',9424263107,'\0'),(71,'Leatha','Pfeffer','hhand@example.com','5f3e6178b2660bdcae0d2366fee6a4e43bae5500',9409353799,''),(72,'Melvin','Jacobi','waelchi.thelma@example.com','cca88e53597ed8b4c04fdd35a8944b406bff0347',9747067055,''),(73,'Earl','Schmidt','gaylord.keshawn@example.org','09c155c28132143ab32b5fcfb8822658d9c7272b',9920434119,''),(74,'Abdullah','Thiel','rodolfo.gerhold@example.org','d03b094d7c6ff779bb9f62eb9c1fa512ad16603f',9341976894,''),(75,'Wellington','Hilpert','elliott.grimes@example.com','e8c5632a09372666d651e06c71061a624c459c4e',9438386241,''),(76,'Billy','Torp','rowe.ima@example.com','96e0c6fda56b09e7ff0db9eafe5387024654b117',9654674102,''),(77,'Timmothy','Bosco','tyshawn75@example.org','f2762d57665579d60f7ead2f260ed632ca73707c',9306871727,'\0'),(78,'Hope','Schmitt','mariane07@example.net','ae1734c33435859de77b161ad35e5d642dd9a7f0',9736138266,''),(79,'Ricky','Swift','ivory.bosco@example.com','ebca0626d26a7ce037bc685f42050c3c7caac753',9815415209,'\0'),(80,'Bo','Bruen','clare.haley@example.net','8c816438a6a20662348c556bce5d56f13e70ed30',9246032033,''),(81,'Frank','Durgan','oswaldo01@example.com','7b77dfbf4440b0d5fb1edbad024d3844efaccd0c',9539886306,''),(82,'Dianna','Rau','aliyah.ritchie@example.com','8597f217a007c6fc0cf55e362d972c51af32a8fd',9092041207,''),(83,'Nichole','White','kabshire@example.com','317bc7440992cb9d78a9ceee4b11a4ed6d4eb25f',9670408647,''),(84,'Modesta','Metz','schuster.ludwig@example.net','b2b882564050c1268755c76b7cfd8e7cf6a4e43f',9318860577,''),(85,'Jeffry','Pfannerstill','hkonopelski@example.com','61fcc1c246d3a65bc5c50afeeca23dba7e9a1a0c',9309941265,'\0'),(86,'Pearline','Kiehn','jordon.gerhold@example.com','9535eacbd1a66304e10c9ff523104964963ec903',9916658082,'\0'),(87,'Brody','Harvey','champlin.edd@example.net','a065d9717771beb70fadee33e5354f58668d53b1',9612973760,'\0'),(88,'Emerald','Hegmann','satterfield.ethelyn@example.net','c3e15ba822f88d8c2361229165762491cae14466',9024352631,''),(89,'Hulda','Streich','clement37@example.com','ebf04dabe63fca04dd6990f7d0e177c1c49a864b',9704757617,''),(90,'Dianna','Maggio','dena.pouros@example.com','46f3b7cae2f6ba6dff4c009d9f6519bd7e5ad6fc',9301739382,''),(91,'Eloisa','Stracke','jaquelin.carroll@example.org','a8d53b4260aa098395f6feabb7f87be322544aba',9571980152,'\0'),(92,'Kira','Daniel','ike83@example.org','8f1843b5206b03481591f5744314b4b846de4169',9083101630,'\0'),(93,'Karl','Daniel','bbrakus@example.org','583f54ad98ed164917b09281eac701f261c1f2a4',9542180461,''),(94,'Dameon','Leffler','oswald.medhurst@example.org','d11bfe80448e8d5845c9a2deab7a42498d88e438',9677634678,'\0'),(95,'Reilly','Crist','christine47@example.com','a46ff32def7df6c48cf7cbcad00d055584a9dc51',9681271691,'\0'),(96,'Rosetta','Dach','yturner@example.net','e5709ec9e385c527b0025f09ab4af235f11c1503',9620286497,'\0'),(97,'Zachary','Mann','vita.altenwerth@example.org','3e6c1c0b64356d75279f1f7cef9afd78f741c2c3',9820885187,'\0'),(98,'Lonnie','Stamm','orn.sarah@example.net','aab74bfafb1137084e0196984042d3305e75765e',9510491985,'\0'),(99,'Steve','Schuppe','ad\'amore@example.org','bd0da937e4e66520f101b0f8cfe43b7f7e0c3867',9013603250,'\0'),(100,'Dessie','O\'Keefe','dameon63@example.org','c10320ced677ad3ec54769824a86f280e891ae79',9382026558,'\0');
/*!40000 ALTER TABLE `users` ENABLE KEYS */;
UNLOCK TABLES;

--
-- Table structure for table `users_communities`
--

DROP TABLE IF EXISTS `users_communities`;
/*!40101 SET @saved_cs_client     = @@character_set_client */;
/*!40101 SET character_set_client = utf8 */;
CREATE TABLE `users_communities` (
  `user_id` bigint(20) unsigned NOT NULL,
  `community_id` bigint(20) unsigned NOT NULL,
  PRIMARY KEY (`user_id`,`community_id`),
  KEY `community_id` (`community_id`),
  CONSTRAINT `users_communities_ibfk_1` FOREIGN KEY (`user_id`) REFERENCES `users` (`id`) ON DELETE CASCADE ON UPDATE CASCADE,
  CONSTRAINT `users_communities_ibfk_2` FOREIGN KEY (`community_id`) REFERENCES `communities` (`id`) ON DELETE CASCADE ON UPDATE CASCADE
) ENGINE=InnoDB DEFAULT CHARSET=utf8mb4 COLLATE=utf8mb4_unicode_ci;
/*!40101 SET character_set_client = @saved_cs_client */;

--
-- Dumping data for table `users_communities`
--

LOCK TABLES `users_communities` WRITE;
/*!40000 ALTER TABLE `users_communities` DISABLE KEYS */;
INSERT INTO `users_communities` VALUES (1,1),(2,2),(3,3),(4,4),(5,5),(6,6),(7,7),(8,8),(9,9),(10,10),(11,11),(12,12),(13,13),(14,14),(15,15),(16,16),(17,17),(18,18),(19,19),(20,20),(21,21),(22,22),(23,23),(24,24),(25,25),(26,26),(27,27),(28,28),(29,29),(30,30),(31,31),(32,32),(33,33),(34,34),(35,35),(36,36),(37,37),(38,38),(39,39),(40,40),(41,41),(42,42),(43,43),(44,44),(45,45),(46,46),(47,47),(48,48),(49,49),(50,50),(51,51),(52,52),(53,53),(54,54),(55,55),(56,56),(57,57),(58,58),(59,59),(60,60),(61,61),(62,62),(63,63),(64,64),(65,65),(66,66),(67,67),(68,68),(69,69),(70,70),(71,71),(72,72),(73,73),(74,74),(75,75),(76,76),(77,77),(78,78),(79,79),(80,80),(81,81),(82,82),(83,83),(84,84),(85,85),(86,86),(87,87),(88,88),(89,89),(90,90),(91,91),(92,92),(93,93),(94,94),(95,95),(96,96),(97,97),(98,98),(99,99),(100,100);
/*!40000 ALTER TABLE `users_communities` ENABLE KEYS */;
UNLOCK TABLES;
/*!40103 SET TIME_ZONE=@OLD_TIME_ZONE */;

/*!40101 SET SQL_MODE=@OLD_SQL_MODE */;
/*!40014 SET FOREIGN_KEY_CHECKS=@OLD_FOREIGN_KEY_CHECKS */;
/*!40014 SET UNIQUE_CHECKS=@OLD_UNIQUE_CHECKS */;
/*!40101 SET CHARACTER_SET_CLIENT=@OLD_CHARACTER_SET_CLIENT */;
/*!40101 SET CHARACTER_SET_RESULTS=@OLD_CHARACTER_SET_RESULTS */;
/*!40101 SET COLLATION_CONNECTION=@OLD_COLLATION_CONNECTION */;
/*!40111 SET SQL_NOTES=@OLD_SQL_NOTES */;

-- Dump completed on 2021-02-05  5:56:05
